PO_Number,Vendor_ID,Material_ID,PO_Date,Planned_Delivery_Date,Delivery_Date,Quantity,Unit_Price,Planned_Cost,Actual_Cost,Plant,Payment_Term
100001,V008,M112,2025-01-11,2025-01-17,2025-01-29,269,12.14,3265.66,3391.39,CGN01,45 Days
100002,V018,M121,2025-04-03,2025-04-18,2025-04-28,137,57.7,7904.9,7675.66,HAM01,60 Days
100003,V014,M105,2025-03-20,2025-04-09,2025-04-16,122,19.84,2420.48,2337.7,BER01,60 Days
100004,V010,M137,2025-02-22,2025-03-12,2025-03-25,168,22.52,3783.36,3852.97,CGN01,60 Days
100005,V006,M137,2025-02-21,2025-03-02,2025-03-01,302,77.71,23468.42,24395.42,BER01,45 Days
100006,V003,M132,2025-04-14,2025-04-26,2025-05-10,128,50.19,6424.32,6434.6,CGN01,60 Days
100007,V006,M115,2025-01-11,2025-01-24,2025-02-06,457,111.01,50731.57,48118.89,HAM01,45 Days
100008,V004,M103,2025-03-25,2025-04-02,2025-04-08,245,41.7,10216.5,9660.72,BER01,60 Days
100009,V004,M129,2025-01-25,2025-02-03,2025-02-13,433,88.51,38324.83,36136.48,CGN01,45 Days
100010,V014,M118,2025-01-12,2025-01-20,2025-01-26,344,58.03,19962.32,18550.98,BER01,45 Days
100011,V003,M140,2025-03-05,2025-03-25,2025-03-27,173,80.89,13993.97,14055.54,CGN01,45 Days
100012,V001,M128,2025-04-28,2025-05-14,2025-05-26,121,73.96,8949.16,9351.87,MUC01,45 Days
100013,V011,M122,2025-03-30,2025-04-17,2025-04-18,374,59.37,22204.38,22193.28,BER01,60 Days
100014,V006,M140,2025-04-02,2025-04-20,2025-04-22,172,114.26,19652.72,17876.11,MUC01,60 Days
100015,V010,M133,2025-03-28,2025-04-17,2025-04-23,130,44.41,5773.3,5729.42,CGN01,45 Days
100016,V003,M119,2025-04-05,2025-04-11,2025-04-23,465,25.38,11801.7,11724.99,HAM01,30 Days
100017,V005,M101,2025-03-03,2025-03-22,2025-03-26,246,82.98,20413.08,22123.7,MUC01,45 Days
100018,V009,M104,2025-01-16,2025-01-22,2025-01-28,33,102.29,3375.57,3178.77,HAM01,30 Days
100019,V014,M118,2025-04-11,2025-04-23,2025-04-20,252,9.63,2426.76,2388.9,BER01,30 Days
100020,V009,M123,2025-02-24,2025-03-10,2025-03-09,235,56.71,13326.85,14235.74,HAM01,30 Days
100021,V011,M102,2025-03-02,2025-03-12,2025-03-10,433,107.64,46608.12,47447.07,MUC01,45 Days
100022,V011,M106,2025-02-14,2025-02-21,2025-02-19,358,91.21,32653.18,33387.88,CGN01,60 Days
100023,V006,M129,2025-01-22,2025-01-30,2025-02-12,103,119.06,12263.18,12319.59,MUC01,45 Days
100024,V006,M131,2025-04-22,2025-05-10,2025-05-22,83,66.11,5487.13,5559.56,HAM01,45 Days
100025,V009,M102,2025-04-04,2025-04-14,2025-04-26,305,80.9,24674.5,25441.88,HAM01,30 Days
100026,V001,M121,2025-03-19,2025-03-28,2025-03-26,33,39.79,1313.07,1270.53,HAM01,60 Days
100027,V014,M104,2025-02-18,2025-03-09,2025-03-07,166,113.97,18919.02,19583.08,CGN01,30 Days
100028,V013,M129,2025-04-09,2025-04-16,2025-04-18,77,47.13,3629.01,3429.78,BER01,60 Days
100029,V007,M134,2025-03-07,2025-03-26,2025-04-02,20,89.93,1798.6,1822.16,CGN01,60 Days
100030,V008,M135,2025-02-23,2025-03-14,2025-03-17,460,51.36,23625.6,23793.34,HAM01,60 Days
100031,V007,M124,2025-02-24,2025-03-10,2025-03-16,54,69.61,3758.94,3666.09,MUC01,30 Days
100032,V014,M126,2025-01-28,2025-02-04,2025-02-04,14,87.77,1228.78,1227.67,HAM01,30 Days
100033,V016,M138,2025-01-12,2025-01-19,2025-01-29,467,63.53,29668.51,28929.76,MUC01,30 Days
100034,V003,M125,2025-03-08,2025-03-17,2025-03-19,102,109.31,11149.62,10671.3,BER01,60 Days
100035,V009,M118,2025-04-17,2025-05-01,2025-04-29,410,53.22,21820.2,21512.54,CGN01,30 Days
100036,V001,M131,2025-01-08,2025-01-15,2025-01-26,25,79.41,1985.25,1897.5,MUC01,60 Days
100037,V010,M124,2025-04-13,2025-04-25,2025-05-09,85,44.37,3771.45,3820.1,CGN01,30 Days
100038,V005,M134,2025-04-10,2025-04-16,2025-04-13,64,51.94,3324.16,3171.25,BER01,30 Days
100039,V007,M121,2025-02-03,2025-02-16,2025-02-21,356,55.61,19797.16,20361.38,MUC01,30 Days
100040,V010,M135,2025-03-17,2025-03-22,2025-04-03,313,19.47,6094.11,5805.86,CGN01,60 Days
100041,V007,M102,2025-01-20,2025-02-05,2025-02-15,242,15.55,3763.1,3677.68,MUC01,45 Days
100042,V008,M102,2025-04-01,2025-04-06,2025-04-19,128,81.76,10465.28,10203.65,HAM01,45 Days
100043,V016,M104,2025-03-26,2025-04-03,2025-04-07,53,80.38,4260.14,4485.93,CGN01,45 Days
100044,V017,M123,2025-02-12,2025-02-19,2025-02-23,288,81.23,23394.24,23703.04,CGN01,45 Days
100045,V001,M129,2025-01-09,2025-01-27,2025-02-06,123,7.27,894.21,886.61,HAM01,45 Days
100046,V008,M109,2025-04-27,2025-05-02,2025-05-01,299,42.55,12722.45,12975.63,CGN01,45 Days
100047,V017,M107,2025-02-23,2025-03-06,2025-03-07,346,27.75,9601.5,8792.09,CGN01,30 Days
100048,V011,M135,2025-04-18,2025-05-02,2025-05-10,426,94.49,40252.74,40184.31,CGN01,30 Days
100049,V005,M131,2025-03-23,2025-04-05,2025-04-14,252,103.97,26200.44,28293.86,MUC01,45 Days
100050,V012,M126,2025-04-04,2025-04-19,2025-04-18,12,33.37,400.44,402.56,BER01,30 Days
100051,V003,M120,2025-04-02,2025-04-19,2025-04-25,147,81.8,12024.6,12057.07,BER01,45 Days
100052,V001,M117,2025-01-24,2025-02-04,2025-02-07,428,19.88,8508.64,8694.98,BER01,30 Days
100053,V013,M101,2025-02-13,2025-03-03,2025-03-09,271,36.64,9929.44,10284.91,BER01,60 Days
100054,V011,M108,2025-02-26,2025-03-08,2025-03-23,313,20.95,6557.35,6033.42,BER01,30 Days
100055,V016,M136,2025-03-01,2025-03-21,2025-03-19,234,37.6,8798.4,8206.27,BER01,30 Days
100056,V007,M114,2025-01-06,2025-01-19,2025-02-03,89,82.59,7350.51,7412.25,BER01,45 Days
100057,V018,M129,2025-03-07,2025-03-23,2025-03-28,449,109.69,49250.81,47842.24,BER01,30 Days
100058,V009,M129,2025-01-19,2025-02-07,2025-02-18,388,28.29,10976.52,11552.79,HAM01,45 Days
100059,V015,M113,2025-03-31,2025-04-17,2025-04-22,497,67.34,33467.98,33046.28,HAM01,30 Days
100060,V003,M109,2025-03-23,2025-04-10,2025-04-12,429,85.66,36748.14,33903.83,CGN01,30 Days
100061,V002,M128,2025-04-21,2025-05-04,2025-05-15,152,114.59,17417.68,16534.6,CGN01,60 Days
100062,V016,M104,2025-03-31,2025-04-05,2025-04-15,134,75.16,10071.44,8963.58,BER01,60 Days
100063,V017,M120,2025-02-13,2025-02-25,2025-02-24,131,34.34,4498.54,4456.25,HAM01,30 Days
100064,V019,M136,2025-04-27,2025-05-04,2025-05-14,460,76.93,35387.8,35122.39,CGN01,60 Days
100065,V007,M129,2025-02-19,2025-03-10,2025-03-21,282,41.86,11804.52,11603.84,HAM01,60 Days
100066,V001,M131,2025-02-09,2025-02-17,2025-02-21,232,117.25,27202.0,28377.13,MUC01,45 Days
100067,V020,M104,2025-04-19,2025-04-27,2025-05-11,484,50.96,24664.64,25846.08,MUC01,45 Days
100068,V013,M108,2025-02-14,2025-02-22,2025-03-03,305,83.82,25565.1,25391.26,HAM01,60 Days
100069,V005,M112,2025-01-10,2025-01-25,2025-01-28,455,7.67,3489.85,3191.82,CGN01,45 Days
100070,V016,M112,2025-02-26,2025-03-12,2025-03-09,492,51.01,25096.92,25716.81,BER01,45 Days
100071,V019,M108,2025-04-06,2025-04-26,2025-05-05,48,105.64,5070.72,5183.29,MUC01,45 Days
100072,V006,M139,2025-01-23,2025-02-03,2025-02-03,187,75.18,14058.66,14232.99,BER01,60 Days
100073,V016,M107,2025-02-25,2025-03-06,2025-03-17,369,56.05,20682.45,21495.27,HAM01,60 Days
100074,V016,M129,2025-01-16,2025-01-21,2025-01-27,408,112.63,45953.04,43811.63,MUC01,30 Days
100075,V011,M124,2025-03-24,2025-03-29,2025-04-03,82,103.21,8463.22,9143.66,BER01,45 Days
100076,V013,M125,2025-02-27,2025-03-09,2025-03-09,166,42.05,6980.3,6712.26,MUC01,60 Days
100077,V006,M109,2025-02-09,2025-02-28,2025-03-10,278,67.62,18798.36,19362.31,CGN01,30 Days
100078,V019,M113,2025-01-28,2025-02-10,2025-02-10,401,61.33,24593.33,22933.28,HAM01,60 Days
100079,V020,M125,2025-03-09,2025-03-28,2025-04-01,65,77.7,5050.5,4862.62,HAM01,60 Days
100080,V020,M112,2025-03-22,2025-03-28,2025-04-09,304,43.42,13199.68,14000.9,BER01,60 Days
100081,V015,M128,2025-04-23,2025-04-29,2025-05-13,155,33.08,5127.4,5074.08,CGN01,30 Days
100082,V001,M102,2025-02-22,2025-03-12,2025-03-27,116,109.96,12755.36,13183.94,MUC01,45 Days
100083,V008,M103,2025-01-20,2025-01-26,2025-02-10,262,111.25,29147.5,29424.4,HAM01,45 Days
100084,V009,M130,2025-04-10,2025-04-15,2025-04-22,212,101.98,21619.76,21528.96,CGN01,45 Days
100085,V020,M125,2025-03-17,2025-03-28,2025-03-28,321,117.49,37714.29,39773.49,MUC01,60 Days
100086,V011,M102,2025-03-26,2025-04-14,2025-04-26,165,90.67,14960.55,14818.42,HAM01,45 Days
100087,V011,M136,2025-01-12,2025-01-28,2025-02-09,413,92.94,38384.22,35651.26,BER01,45 Days
100088,V003,M101,2025-02-07,2025-02-13,2025-02-28,48,92.7,4449.6,4306.77,MUC01,60 Days
100089,V016,M139,2025-04-03,2025-04-21,2025-04-30,432,60.27,26036.64,26609.45,CGN01,60 Days
100090,V007,M130,2025-04-10,2025-04-28,2025-04-27,24,57.49,1379.76,1401.56,MUC01,60 Days
100091,V002,M140,2025-02-22,2025-03-11,2025-03-17,370,32.63,12073.1,11316.12,BER01,45 Days
100092,V020,M138,2025-04-07,2025-04-26,2025-05-01,179,79.15,14167.85,13756.98,BER01,60 Days
100093,V004,M113,2025-04-12,2025-04-20,2025-05-03,197,38.27,7539.19,7363.53,HAM01,30 Days
100094,V001,M131,2025-02-16,2025-03-08,2025-03-12,19,34.65,658.35,648.74,MUC01,45 Days
100095,V002,M109,2025-04-18,2025-04-28,2025-05-01,354,72.39,25626.06,24216.63,HAM01,45 Days
100096,V010,M119,2025-02-04,2025-02-21,2025-02-19,91,52.15,4745.65,4626.53,BER01,30 Days
100097,V003,M110,2025-01-29,2025-02-12,2025-02-24,332,30.17,10016.44,9724.96,CGN01,45 Days
100098,V017,M120,2025-03-23,2025-04-09,2025-04-20,365,98.85,36080.25,37195.13,CGN01,45 Days
100099,V011,M135,2025-03-18,2025-04-02,2025-03-30,424,103.97,44083.28,45511.58,MUC01,45 Days
100100,V007,M118,2025-01-17,2025-02-01,2025-02-06,356,24.29,8647.24,8597.09,MUC01,30 Days
100101,V001,M104,2025-04-10,2025-04-24,2025-04-30,157,5.86,920.02,905.58,BER01,30 Days
100102,V010,M113,2025-01-24,2025-02-10,2025-02-15,371,43.65,16194.15,16284.84,BER01,30 Days
100103,V004,M132,2025-04-07,2025-04-23,2025-05-07,414,96.71,40037.94,38728.7,CGN01,45 Days
100104,V020,M121,2025-01-01,2025-01-08,2025-01-07,165,101.5,16747.5,15978.79,HAM01,30 Days
100105,V006,M123,2025-04-06,2025-04-24,2025-04-26,70,20.91,1463.7,1408.66,HAM01,45 Days
100106,V010,M118,2025-04-05,2025-04-18,2025-04-18,446,94.05,41946.3,40880.86,MUC01,60 Days
100107,V001,M112,2025-04-04,2025-04-14,2025-04-15,82,18.31,1501.42,1431.6,MUC01,60 Days
100108,V003,M124,2025-03-21,2025-04-03,2025-04-17,300,49.86,14958.0,15055.23,MUC01,30 Days
100109,V005,M126,2025-02-26,2025-03-18,2025-04-01,125,119.84,14980.0,15417.42,CGN01,60 Days
100110,V002,M136,2025-03-26,2025-04-13,2025-04-10,71,27.15,1927.65,1805.24,HAM01,30 Days
100111,V015,M125,2025-02-03,2025-02-21,2025-03-02,390,22.71,8856.9,8865.76,CGN01,30 Days
100112,V019,M140,2025-04-04,2025-04-16,2025-04-17,80,53.62,4289.6,4251.85,BER01,30 Days
100113,V020,M134,2025-03-08,2025-03-25,2025-03-25,338,76.26,25775.88,26129.01,BER01,30 Days
100114,V006,M104,2025-02-25,2025-03-08,2025-03-10,349,112.28,39185.72,39166.13,BER01,60 Days
100115,V016,M116,2025-03-02,2025-03-17,2025-03-17,39,117.79,4593.81,4326.91,HAM01,30 Days
100116,V011,M116,2025-03-10,2025-03-25,2025-03-31,94,13.01,1222.94,1161.18,BER01,60 Days
100117,V001,M101,2025-01-05,2025-01-13,2025-01-28,399,20.87,8327.13,8337.12,HAM01,45 Days
100118,V002,M108,2025-01-17,2025-01-26,2025-02-03,258,95.93,24749.94,25769.64,BER01,30 Days
100119,V011,M131,2025-01-30,2025-02-04,2025-02-14,69,36.12,2492.28,2271.46,BER01,45 Days
100120,V009,M115,2025-01-14,2025-01-21,2025-01-27,495,106.76,52846.2,53575.48,BER01,30 Days
100121,V001,M106,2025-02-22,2025-03-05,2025-03-02,139,81.3,11300.7,11838.61,MUC01,45 Days
100122,V019,M112,2025-03-22,2025-04-03,2025-04-01,11,17.86,196.46,195.26,MUC01,45 Days
100123,V015,M111,2025-03-20,2025-03-27,2025-03-29,462,100.74,46541.88,47565.8,MUC01,45 Days
100124,V011,M107,2025-02-26,2025-03-09,2025-03-10,18,25.28,455.04,442.25,HAM01,30 Days
100125,V020,M105,2025-04-13,2025-04-27,2025-05-09,281,53.7,15089.7,15017.27,BER01,60 Days
100126,V020,M131,2025-03-09,2025-03-17,2025-03-30,496,68.5,33976.0,31774.36,HAM01,45 Days
100127,V020,M133,2025-01-10,2025-01-20,2025-02-02,293,62.59,18338.87,16618.68,MUC01,30 Days
100128,V006,M120,2025-04-02,2025-04-12,2025-04-21,296,83.91,24837.36,25773.73,BER01,45 Days
100129,V018,M125,2025-03-10,2025-03-23,2025-03-30,200,80.06,16012.0,15381.13,HAM01,30 Days
100130,V011,M137,2025-03-18,2025-03-28,2025-04-06,72,119.08,8573.76,8417.72,CGN01,60 Days
100131,V015,M134,2025-03-09,2025-03-25,2025-03-29,290,119.93,34779.7,32849.43,MUC01,60 Days
100132,V018,M102,2025-03-08,2025-03-18,2025-03-27,449,64.39,28911.11,27280.52,HAM01,30 Days
100133,V004,M139,2025-01-11,2025-01-22,2025-02-03,54,15.95,861.3,855.27,BER01,60 Days
100134,V009,M103,2025-03-09,2025-03-20,2025-03-31,441,88.7,39116.7,37974.49,BER01,60 Days
100135,V003,M102,2025-04-06,2025-04-13,2025-04-21,213,117.32,24989.16,25366.5,BER01,45 Days
100136,V006,M117,2025-02-06,2025-02-21,2025-02-19,272,41.61,11317.92,11522.77,CGN01,30 Days
100137,V009,M130,2025-03-14,2025-03-22,2025-04-01,91,58.04,5281.64,5349.24,MUC01,60 Days
100138,V018,M104,2025-01-04,2025-01-13,2025-01-16,314,53.85,16908.9,17069.53,CGN01,60 Days
100139,V018,M112,2025-02-11,2025-02-28,2025-03-11,99,10.91,1080.09,1148.24,MUC01,60 Days
100140,V008,M111,2025-02-22,2025-03-14,2025-03-21,143,82.31,11770.33,11267.74,BER01,60 Days
100141,V007,M116,2025-04-28,2025-05-13,2025-05-26,363,45.63,16563.69,16527.25,HAM01,60 Days
100142,V011,M140,2025-01-26,2025-02-14,2025-02-17,34,95.56,3249.04,3396.22,BER01,60 Days
100143,V019,M114,2025-02-03,2025-02-21,2025-03-07,229,100.69,23058.01,24224.75,MUC01,30 Days
100144,V020,M109,2025-02-19,2025-03-03,2025-03-16,301,99.44,29931.44,28228.34,BER01,45 Days
100145,V005,M105,2025-04-30,2025-05-17,2025-05-20,74,52.92,3916.08,3867.13,CGN01,30 Days
100146,V004,M108,2025-04-13,2025-04-23,2025-04-29,154,41.98,6464.92,6815.97,CGN01,30 Days
100147,V015,M106,2025-01-05,2025-01-17,2025-01-24,178,91.11,16217.58,16546.8,CGN01,60 Days
100148,V007,M123,2025-01-29,2025-02-11,2025-02-22,335,97.16,32548.6,32802.48,HAM01,60 Days
100149,V004,M117,2025-04-09,2025-04-29,2025-05-09,488,61.49,30007.12,29746.06,HAM01,45 Days
100150,V001,M120,2025-01-07,2025-01-25,2025-02-07,419,107.7,45126.3,44431.35,CGN01,60 Days
100151,V009,M134,2025-04-13,2025-04-25,2025-04-29,102,21.55,2198.1,2223.38,MUC01,30 Days
100152,V008,M124,2025-02-03,2025-02-18,2025-02-24,18,106.09,1909.62,1890.33,HAM01,30 Days
100153,V012,M107,2025-04-21,2025-04-29,2025-05-04,35,16.05,561.75,560.8,MUC01,60 Days
100154,V005,M116,2025-02-05,2025-02-22,2025-03-08,301,22.66,6820.66,6841.8,CGN01,45 Days
100155,V015,M113,2025-02-22,2025-03-07,2025-03-09,86,66.39,5709.54,5554.81,MUC01,45 Days
100156,V014,M134,2025-03-21,2025-04-03,2025-04-11,123,12.76,1569.48,1602.91,HAM01,45 Days
100157,V010,M113,2025-01-16,2025-02-02,2025-02-01,425,11.07,4704.75,5253.32,BER01,30 Days
100158,V004,M106,2025-03-08,2025-03-23,2025-04-05,438,5.06,2216.28,2058.7,HAM01,60 Days
100159,V011,M130,2025-03-02,2025-03-08,2025-03-12,421,55.18,23230.78,23532.78,MUC01,60 Days
100160,V014,M118,2025-04-05,2025-04-14,2025-04-17,134,94.08,12606.72,12223.48,HAM01,60 Days
100161,V008,M104,2025-04-30,2025-05-07,2025-05-15,313,9.01,2820.13,2885.28,BER01,45 Days
100162,V006,M128,2025-03-21,2025-04-06,2025-04-12,309,80.01,24723.09,24770.06,MUC01,45 Days
100163,V011,M109,2025-02-19,2025-02-24,2025-03-09,100,99.66,9966.0,10269.96,CGN01,60 Days
100164,V008,M135,2025-02-18,2025-02-26,2025-03-05,281,24.32,6833.92,7155.11,MUC01,45 Days
100165,V009,M134,2025-02-20,2025-03-06,2025-03-12,267,21.89,5844.63,5889.63,HAM01,45 Days
100166,V007,M115,2025-04-08,2025-04-24,2025-04-22,204,103.99,21213.96,22174.95,HAM01,30 Days
100167,V007,M123,2025-02-08,2025-02-21,2025-02-18,378,99.66,37671.48,34137.9,HAM01,45 Days
100168,V015,M123,2025-01-21,2025-02-08,2025-02-12,342,66.98,22907.16,24364.06,MUC01,45 Days
100169,V010,M127,2025-02-10,2025-03-01,2025-03-16,271,99.21,26885.91,27289.2,HAM01,45 Days
100170,V010,M103,2025-01-03,2025-01-10,2025-01-24,365,15.67,5719.55,5966.06,MUC01,30 Days
100171,V014,M113,2025-01-13,2025-02-02,2025-02-10,383,50.37,19291.71,18350.27,CGN01,30 Days
100172,V008,M107,2025-01-11,2025-01-25,2025-02-02,287,89.85,25786.95,24930.82,CGN01,60 Days
100173,V003,M128,2025-04-03,2025-04-18,2025-04-22,141,34.61,4880.01,4908.31,BER01,45 Days
100174,V018,M103,2025-03-28,2025-04-03,2025-04-03,381,91.52,34869.12,34844.71,CGN01,45 Days
100175,V002,M121,2025-03-25,2025-04-08,2025-04-05,361,62.98,22735.78,22992.69,CGN01,45 Days
100176,V012,M130,2025-02-25,2025-03-13,2025-03-16,491,91.28,44818.48,46763.6,BER01,45 Days
100177,V006,M138,2025-03-28,2025-04-11,2025-04-14,83,58.44,4850.52,4508.07,CGN01,60 Days
100178,V005,M112,2025-01-20,2025-01-26,2025-01-26,215,47.31,10171.65,10568.34,HAM01,30 Days
100179,V001,M101,2025-04-19,2025-05-02,2025-05-03,462,30.21,13957.02,13961.21,CGN01,60 Days
100180,V019,M129,2025-03-02,2025-03-21,2025-03-18,262,28.96,7587.52,7525.3,MUC01,30 Days
100181,V009,M101,2025-04-23,2025-05-09,2025-05-17,471,91.42,43058.82,40526.96,BER01,45 Days
100182,V007,M103,2025-01-19,2025-01-26,2025-02-09,16,18.67,298.72,304.72,CGN01,45 Days
100183,V015,M140,2025-03-01,2025-03-21,2025-03-31,27,14.89,402.03,363.19,MUC01,60 Days
100184,V001,M135,2025-03-25,2025-04-14,2025-04-19,400,25.27,10108.0,10369.8,HAM01,30 Days
100185,V012,M129,2025-03-01,2025-03-08,2025-03-12,185,25.16,4654.6,4376.72,MUC01,45 Days
100186,V010,M134,2025-02-23,2025-03-12,2025-03-14,264,99.66,26310.24,26365.49,MUC01,30 Days
100187,V012,M104,2025-01-20,2025-01-31,2025-01-30,219,50.83,11131.77,11078.34,CGN01,30 Days
100188,V003,M104,2025-02-15,2025-03-01,2025-03-09,209,118.89,24848.01,26010.9,CGN01,60 Days
100189,V020,M113,2025-01-29,2025-02-10,2025-02-17,470,20.78,9766.6,9697.26,BER01,60 Days
100190,V005,M101,2025-02-06,2025-02-23,2025-02-20,56,80.16,4488.96,4364.17,CGN01,45 Days
100191,V014,M136,2025-03-24,2025-04-13,2025-04-17,388,56.6,21960.8,21515.0,MUC01,45 Days
100192,V015,M103,2025-03-17,2025-04-03,2025-04-05,445,50.19,22334.55,23471.38,MUC01,45 Days
100193,V007,M122,2025-03-14,2025-04-02,2025-04-02,332,105.63,35069.16,35823.15,CGN01,30 Days
100194,V003,M135,2025-02-13,2025-03-05,2025-03-15,203,117.19,23789.57,23423.21,BER01,45 Days
100195,V006,M130,2025-04-26,2025-05-02,2025-05-08,88,105.38,9273.44,9185.34,BER01,30 Days
100196,V017,M110,2025-01-11,2025-01-20,2025-01-29,344,27.11,9325.84,8741.11,MUC01,60 Days
100197,V019,M119,2025-02-11,2025-02-27,2025-03-09,239,30.39,7263.21,7375.79,BER01,45 Days
100198,V019,M122,2025-01-15,2025-01-29,2025-02-13,83,80.45,6677.35,6207.26,CGN01,30 Days
100199,V005,M131,2025-02-10,2025-02-15,2025-02-27,186,38.24,7112.64,7326.73,MUC01,45 Days
100200,V013,M118,2025-04-26,2025-05-02,2025-05-10,481,89.49,43044.69,43264.22,HAM01,60 Days
100201,V004,M112,2025-02-13,2025-02-26,2025-03-11,140,70.14,9819.6,10757.37,HAM01,30 Days
100202,V015,M132,2025-04-20,2025-05-04,2025-05-10,97,68.35,6629.95,6338.23,HAM01,60 Days
100203,V009,M136,2025-03-01,2025-03-08,2025-03-23,344,100.28,34496.32,34354.89,MUC01,45 Days
100204,V015,M120,2025-03-25,2025-04-01,2025-04-12,107,86.71,9277.97,9945.06,BER01,45 Days
100205,V014,M102,2025-02-24,2025-03-03,2025-03-12,460,8.06,3707.6,3884.45,CGN01,60 Days
100206,V020,M121,2025-02-01,2025-02-15,2025-03-01,430,10.69,4596.7,4468.91,HAM01,45 Days
100207,V010,M136,2025-04-02,2025-04-07,2025-04-13,491,74.18,36422.38,36750.18,CGN01,30 Days
100208,V007,M140,2025-04-27,2025-05-11,2025-05-21,457,60.91,27835.87,27838.65,BER01,60 Days
100209,V011,M117,2025-02-01,2025-02-13,2025-02-15,129,34.92,4504.68,4555.58,HAM01,30 Days
100210,V004,M107,2025-04-04,2025-04-16,2025-05-01,113,53.15,6005.95,5838.38,MUC01,45 Days
100211,V003,M123,2025-02-01,2025-02-16,2025-02-24,177,92.16,16312.32,16253.6,MUC01,60 Days
100212,V011,M134,2025-03-28,2025-04-10,2025-04-21,240,100.06,24014.4,22479.88,CGN01,45 Days
100213,V017,M138,2025-04-05,2025-04-21,2025-04-26,441,69.54,30667.14,30832.74,CGN01,60 Days
100214,V011,M103,2025-02-23,2025-03-12,2025-03-25,369,49.32,18199.08,18526.66,CGN01,45 Days
100215,V016,M112,2025-03-30,2025-04-18,2025-04-16,325,36.13,11742.25,11635.4,BER01,30 Days
100216,V004,M120,2025-02-02,2025-02-19,2025-02-18,440,65.02,28608.8,26760.67,MUC01,30 Days
100217,V009,M104,2025-01-10,2025-01-23,2025-01-29,326,41.2,13431.2,13961.73,MUC01,45 Days
100218,V013,M136,2025-01-12,2025-01-24,2025-02-03,195,69.87,13624.65,13823.57,CGN01,30 Days
100219,V007,M105,2025-02-23,2025-03-03,2025-03-15,212,82.82,17557.84,17048.66,HAM01,45 Days
100220,V001,M127,2025-04-19,2025-05-03,2025-05-08,263,12.6,3313.8,3276.69,MUC01,45 Days
100221,V002,M137,2025-01-16,2025-01-23,2025-02-01,53,5.12,271.36,255.08,HAM01,60 Days
100222,V019,M128,2025-02-24,2025-03-15,2025-03-22,373,29.41,10969.93,10520.16,MUC01,30 Days
100223,V013,M131,2025-03-26,2025-04-13,2025-04-28,329,107.87,35489.23,34726.21,MUC01,60 Days
100224,V006,M111,2025-01-25,2025-01-31,2025-02-09,368,79.32,29189.76,30622.98,HAM01,45 Days
100225,V006,M134,2025-03-28,2025-04-14,2025-04-18,271,24.78,6715.38,6543.47,MUC01,45 Days
100226,V001,M117,2025-02-06,2025-02-12,2025-02-27,393,107.38,42200.34,43280.67,CGN01,45 Days
100227,V019,M103,2025-04-08,2025-04-24,2025-04-23,475,59.04,28044.0,27441.05,BER01,30 Days
100228,V003,M115,2025-03-11,2025-03-17,2025-04-01,289,59.75,17267.75,17438.7,CGN01,60 Days
100229,V016,M114,2025-03-07,2025-03-19,2025-03-18,227,112.59,25557.93,25412.25,CGN01,30 Days
100230,V005,M121,2025-01-22,2025-02-06,2025-02-08,61,11.84,722.24,747.45,CGN01,30 Days
100231,V007,M111,2025-02-25,2025-03-13,2025-03-25,391,29.75,11632.25,11383.32,MUC01,60 Days
100232,V006,M119,2025-04-13,2025-04-24,2025-05-04,452,72.36,32706.72,30649.47,CGN01,45 Days
100233,V017,M118,2025-01-03,2025-01-22,2025-02-06,352,27.48,9672.96,9138.05,CGN01,60 Days
100234,V001,M114,2025-04-02,2025-04-19,2025-04-30,434,83.15,36087.1,35318.44,CGN01,45 Days
100235,V008,M128,2025-03-01,2025-03-09,2025-03-18,431,29.62,12766.22,12127.91,MUC01,30 Days
100236,V006,M113,2025-03-28,2025-04-12,2025-04-15,401,16.4,6576.4,6684.25,HAM01,30 Days
100237,V006,M131,2025-03-21,2025-04-06,2025-04-03,256,28.8,7372.8,7235.67,BER01,45 Days
100238,V004,M111,2025-02-21,2025-03-03,2025-03-02,58,53.61,3109.38,3404.77,CGN01,30 Days
100239,V019,M135,2025-02-07,2025-02-23,2025-02-25,11,25.26,277.86,258.55,CGN01,60 Days
100240,V008,M115,2025-03-17,2025-04-05,2025-04-02,110,20.49,2253.9,2272.16,BER01,30 Days
100241,V009,M102,2025-01-17,2025-02-04,2025-02-10,221,103.93,22968.53,21932.65,HAM01,60 Days
100242,V008,M106,2025-03-12,2025-03-29,2025-04-09,374,41.85,15651.9,15343.56,MUC01,30 Days
100243,V020,M133,2025-01-12,2025-01-27,2025-02-11,233,46.49,10832.17,10893.91,BER01,30 Days
100244,V007,M135,2025-03-19,2025-03-28,2025-04-03,21,11.36,238.56,216.37,BER01,30 Days
100245,V007,M109,2025-03-17,2025-04-03,2025-04-16,113,46.1,5209.3,5258.79,MUC01,30 Days
100246,V007,M125,2025-01-11,2025-01-21,2025-02-05,489,35.45,17335.05,18654.25,MUC01,45 Days
100247,V007,M123,2025-04-01,2025-04-14,2025-04-27,494,75.21,37153.74,36481.26,HAM01,30 Days
100248,V002,M106,2025-02-19,2025-03-01,2025-03-06,194,28.62,5552.28,5610.02,MUC01,45 Days
100249,V013,M119,2025-04-05,2025-04-15,2025-04-18,404,107.16,43292.64,45067.64,BER01,45 Days
100250,V001,M128,2025-01-05,2025-01-12,2025-01-27,362,111.91,40511.42,40244.04,HAM01,30 Days
100251,V005,M139,2025-01-22,2025-02-11,2025-02-12,466,16.48,7679.68,7501.51,CGN01,30 Days
100252,V005,M134,2025-03-01,2025-03-08,2025-03-12,444,17.35,7703.4,7002.39,HAM01,30 Days
100253,V006,M104,2025-01-23,2025-01-29,2025-01-27,318,18.26,5806.68,5955.33,BER01,30 Days
100254,V016,M110,2025-02-09,2025-02-28,2025-03-12,203,76.25,15478.75,15409.1,MUC01,30 Days
100255,V012,M118,2025-03-21,2025-04-03,2025-04-12,317,19.03,6032.51,5788.19,CGN01,30 Days
100256,V020,M107,2025-01-18,2025-01-30,2025-01-28,166,103.02,17101.32,17188.54,CGN01,45 Days
100257,V008,M123,2025-03-23,2025-04-08,2025-04-09,180,91.74,16513.2,16128.44,BER01,30 Days
100258,V019,M101,2025-01-13,2025-01-24,2025-01-31,308,99.28,30578.24,29933.04,BER01,30 Days
100259,V001,M105,2025-01-22,2025-01-29,2025-02-05,289,65.5,18929.5,19389.49,BER01,45 Days
100260,V011,M102,2025-03-12,2025-03-28,2025-04-09,294,119.62,35168.28,33286.78,BER01,45 Days
100261,V016,M112,2025-04-06,2025-04-13,2025-04-15,198,10.08,1995.84,2079.47,HAM01,30 Days
100262,V011,M131,2025-01-21,2025-02-03,2025-02-17,210,51.15,10741.5,10141.05,MUC01,30 Days
100263,V019,M108,2025-02-05,2025-02-25,2025-03-02,14,42.25,591.5,575.83,HAM01,45 Days
100264,V007,M140,2025-04-22,2025-05-11,2025-05-23,304,114.09,34683.36,37350.51,MUC01,30 Days
100265,V001,M111,2025-04-29,2025-05-09,2025-05-10,292,71.34,20831.28,21770.77,BER01,45 Days
100266,V016,M102,2025-03-11,2025-03-28,2025-03-25,468,97.71,45728.28,45906.62,HAM01,60 Days
100267,V002,M114,2025-02-23,2025-03-09,2025-03-07,257,24.59,6319.63,6082.01,HAM01,45 Days
100268,V016,M130,2025-02-11,2025-02-23,2025-02-27,239,117.54,28092.06,27496.51,CGN01,30 Days
100269,V015,M105,2025-03-15,2025-03-22,2025-04-06,43,62.34,2680.62,2688.39,MUC01,60 Days
100270,V017,M103,2025-03-12,2025-03-23,2025-03-20,106,61.77,6547.62,6557.44,HAM01,30 Days
100271,V010,M134,2025-02-05,2025-02-20,2025-02-24,175,116.65,20413.75,20340.26,BER01,30 Days
100272,V018,M124,2025-01-03,2025-01-23,2025-01-22,194,48.78,9463.32,9451.96,BER01,30 Days
100273,V004,M114,2025-01-19,2025-01-24,2025-02-07,187,50.72,9484.64,9403.07,CGN01,60 Days
100274,V009,M131,2025-04-26,2025-05-12,2025-05-21,203,72.25,14666.75,13820.48,CGN01,60 Days
100275,V003,M134,2025-02-20,2025-03-10,2025-03-21,386,19.73,7615.78,7458.13,CGN01,45 Days
100276,V016,M115,2025-02-27,2025-03-19,2025-03-29,74,41.92,3102.08,3215.62,BER01,45 Days
100277,V015,M123,2025-02-26,2025-03-09,2025-03-18,172,27.22,4681.84,4425.74,MUC01,45 Days
100278,V017,M101,2025-04-04,2025-04-10,2025-04-21,89,16.88,1502.32,1490.9,CGN01,45 Days
100279,V016,M113,2025-01-08,2025-01-17,2025-01-14,160,104.61,16737.6,16188.61,MUC01,45 Days
100280,V007,M124,2025-01-10,2025-01-28,2025-02-10,345,72.77,25105.65,25218.63,MUC01,60 Days
100281,V002,M108,2025-02-03,2025-02-22,2025-03-05,32,46.25,1480.0,1457.06,CGN01,60 Days
100282,V019,M140,2025-02-28,2025-03-15,2025-03-26,176,52.0,9152.0,9692.88,CGN01,30 Days
100283,V010,M139,2025-03-22,2025-03-28,2025-04-01,21,54.62,1147.02,1170.3,MUC01,45 Days
100284,V002,M111,2025-02-28,2025-03-06,2025-03-18,477,77.81,37115.37,35166.81,BER01,60 Days
100285,V019,M116,2025-02-22,2025-03-06,2025-03-10,366,111.58,40838.28,41932.75,CGN01,45 Days
100286,V020,M108,2025-04-23,2025-05-07,2025-05-04,129,112.27,14482.83,14033.86,CGN01,30 Days
100287,V009,M121,2025-01-20,2025-01-25,2025-02-08,107,50.02,5352.14,5228.51,HAM01,60 Days
100288,V016,M105,2025-03-10,2025-03-25,2025-03-26,58,42.87,2486.46,2517.79,BER01,45 Days
100289,V001,M116,2025-03-07,2025-03-20,2025-03-18,241,56.87,13705.67,13435.67,HAM01,45 Days
100290,V002,M123,2025-02-26,2025-03-03,2025-03-11,379,70.31,26647.49,27598.81,CGN01,45 Days
100291,V006,M125,2025-04-07,2025-04-13,2025-04-14,296,58.11,17200.56,16667.34,HAM01,30 Days
100292,V014,M124,2025-02-02,2025-02-14,2025-02-27,441,80.76,35615.16,34731.9,CGN01,45 Days
100293,V003,M109,2025-04-25,2025-05-11,2025-05-16,178,68.76,12239.28,11917.39,HAM01,45 Days
100294,V001,M132,2025-02-09,2025-02-27,2025-02-24,146,41.88,6114.48,5976.29,MUC01,60 Days
100295,V014,M128,2025-03-07,2025-03-18,2025-04-02,244,44.76,10921.44,11401.98,HAM01,30 Days
100296,V016,M131,2025-03-04,2025-03-13,2025-03-19,109,48.54,5290.86,5424.19,CGN01,30 Days
100297,V015,M119,2025-04-12,2025-05-02,2025-05-03,488,15.88,7749.44,8279.5,MUC01,45 Days
100298,V016,M136,2025-02-22,2025-03-06,2025-03-15,101,24.1,2434.1,2654.87,BER01,60 Days
100299,V017,M116,2025-02-04,2025-02-14,2025-02-21,244,88.16,21511.04,20624.79,HAM01,45 Days
100300,V013,M133,2025-01-03,2025-01-15,2025-01-12,265,49.75,13183.75,13220.66,MUC01,45 Days
100301,V011,M109,2025-02-13,2025-02-18,2025-03-01,37,29.67,1097.79,1046.19,CGN01,60 Days
100302,V018,M110,2025-04-10,2025-04-19,2025-04-23,239,69.71,16660.69,16142.54,CGN01,45 Days
100303,V007,M122,2025-01-02,2025-01-15,2025-01-25,232,91.89,21318.48,20781.25,HAM01,30 Days
100304,V002,M123,2025-04-18,2025-05-07,2025-05-21,137,34.6,4740.2,4539.69,MUC01,60 Days
100305,V016,M130,2025-03-07,2025-03-23,2025-03-31,72,100.08,7205.76,6902.4,MUC01,45 Days
100306,V006,M112,2025-01-17,2025-02-03,2025-02-12,32,111.66,3573.12,3552.4,BER01,30 Days
100307,V020,M135,2025-02-06,2025-02-19,2025-02-20,14,73.7,1031.8,981.55,BER01,45 Days
100308,V009,M114,2025-03-08,2025-03-14,2025-03-15,245,81.93,20072.85,20749.31,HAM01,60 Days
100309,V018,M122,2025-02-07,2025-02-18,2025-02-22,54,11.05,596.7,574.8,CGN01,45 Days
100310,V001,M138,2025-01-14,2025-02-03,2025-02-16,480,113.73,54590.4,60726.36,HAM01,45 Days
100311,V014,M122,2025-03-21,2025-03-26,2025-04-01,129,50.14,6468.06,6350.99,MUC01,45 Days
100312,V009,M128,2025-03-22,2025-04-10,2025-04-13,329,111.25,36601.25,36707.39,CGN01,60 Days
100313,V010,M137,2025-01-15,2025-01-30,2025-02-10,340,71.58,24337.2,23076.53,BER01,60 Days
100314,V006,M139,2025-02-03,2025-02-12,2025-02-25,252,5.53,1393.56,1488.6,MUC01,30 Days
100315,V020,M120,2025-01-30,2025-02-16,2025-03-02,442,9.43,4168.06,4354.79,CGN01,45 Days
100316,V008,M117,2025-03-21,2025-04-08,2025-04-10,64,83.25,5328.0,5391.4,MUC01,45 Days
100317,V018,M108,2025-03-29,2025-04-03,2025-04-13,124,69.71,8644.04,8178.13,BER01,30 Days
100318,V009,M122,2025-03-29,2025-04-04,2025-04-12,133,8.05,1070.65,1079.64,HAM01,60 Days
100319,V001,M137,2025-04-23,2025-05-08,2025-05-13,76,90.5,6878.0,6569.18,HAM01,30 Days
100320,V018,M120,2025-04-03,2025-04-23,2025-04-27,154,103.0,15862.0,16789.93,MUC01,45 Days
100321,V004,M114,2025-02-08,2025-02-13,2025-02-12,163,62.09,10120.67,10448.58,BER01,30 Days
100322,V006,M105,2025-01-13,2025-01-28,2025-01-30,384,58.56,22487.04,22572.49,CGN01,30 Days
100323,V018,M116,2025-03-15,2025-03-22,2025-03-29,157,5.63,883.91,797.73,MUC01,60 Days
100324,V018,M110,2025-04-20,2025-05-05,2025-05-18,439,95.46,41906.94,40260.0,CGN01,30 Days
100325,V019,M140,2025-04-28,2025-05-12,2025-05-25,388,43.03,16695.64,17154.77,BER01,30 Days
100326,V009,M122,2025-01-28,2025-02-03,2025-02-03,451,106.06,47833.06,50152.96,HAM01,60 Days
100327,V016,M106,2025-01-29,2025-02-13,2025-02-22,61,47.9,2921.9,3051.63,BER01,60 Days
100328,V007,M103,2025-01-05,2025-01-24,2025-01-22,492,69.98,34430.16,32236.96,BER01,30 Days
100329,V015,M135,2025-01-17,2025-02-04,2025-02-13,310,36.09,11187.9,11323.27,MUC01,30 Days
100330,V011,M138,2025-03-08,2025-03-13,2025-03-16,491,23.47,11523.77,11991.64,MUC01,60 Days
100331,V002,M131,2025-03-07,2025-03-15,2025-03-20,183,94.11,17222.13,16080.3,MUC01,60 Days
100332,V009,M105,2025-02-14,2025-02-22,2025-03-04,476,62.11,29564.36,29555.49,BER01,60 Days
100333,V010,M104,2025-02-07,2025-02-19,2025-02-24,298,66.7,19876.6,20095.24,BER01,45 Days
100334,V006,M108,2025-04-10,2025-04-17,2025-04-29,45,116.02,5220.9,5158.25,MUC01,30 Days
100335,V008,M131,2025-02-25,2025-03-15,2025-03-22,210,115.81,24320.1,22517.98,MUC01,60 Days
100336,V011,M131,2025-04-07,2025-04-24,2025-05-09,77,103.4,7961.8,7858.3,MUC01,30 Days
100337,V001,M134,2025-04-26,2025-05-13,2025-05-22,471,26.58,12519.18,12355.18,MUC01,30 Days
100338,V004,M104,2025-02-08,2025-02-16,2025-02-18,159,73.34,11661.06,11592.26,MUC01,60 Days
100339,V016,M107,2025-01-25,2025-01-30,2025-02-10,118,105.99,12506.82,12225.42,MUC01,45 Days
100340,V008,M137,2025-04-25,2025-05-14,2025-05-18,280,48.06,13456.8,13218.61,BER01,30 Days
100341,V013,M138,2025-03-18,2025-03-27,2025-04-03,218,16.63,3625.34,3619.54,HAM01,30 Days
100342,V012,M130,2025-02-04,2025-02-19,2025-02-18,57,98.26,5600.82,5699.95,BER01,45 Days
100343,V012,M105,2025-03-16,2025-04-04,2025-04-03,410,60.4,24764.0,24461.88,HAM01,30 Days
100344,V009,M103,2025-03-03,2025-03-08,2025-03-15,424,69.91,29641.84,29155.71,MUC01,60 Days
100345,V010,M103,2025-04-19,2025-04-24,2025-04-24,374,117.95,44113.3,44276.52,CGN01,45 Days
100346,V017,M128,2025-01-31,2025-02-05,2025-02-20,312,74.83,23346.96,21553.91,CGN01,45 Days
100347,V020,M134,2025-04-29,2025-05-06,2025-05-19,207,53.87,11151.09,11364.08,BER01,45 Days
100348,V006,M126,2025-04-23,2025-04-28,2025-05-08,275,47.55,13076.25,13076.25,BER01,45 Days
100349,V014,M111,2025-01-22,2025-02-09,2025-02-19,265,53.03,14052.95,14075.43,HAM01,45 Days
100350,V020,M131,2025-01-20,2025-02-03,2025-02-11,91,18.62,1694.42,1759.49,MUC01,60 Days
100351,V001,M103,2025-03-05,2025-03-25,2025-03-23,50,96.4,4820.0,4443.56,BER01,45 Days
100352,V016,M134,2025-01-06,2025-01-23,2025-01-27,134,101.34,13579.56,12506.77,CGN01,45 Days
100353,V010,M136,2025-02-05,2025-02-25,2025-03-03,232,37.71,8748.72,8844.96,BER01,45 Days
100354,V020,M129,2025-02-22,2025-03-02,2025-03-16,88,39.94,3514.72,3513.67,CGN01,30 Days
100355,V012,M136,2025-04-27,2025-05-06,2025-05-07,62,105.55,6544.1,6588.6,MUC01,60 Days
100356,V017,M124,2025-04-30,2025-05-18,2025-05-24,427,7.76,3313.52,3252.22,HAM01,45 Days
100357,V004,M119,2025-01-19,2025-01-27,2025-01-30,193,64.85,12516.05,12848.98,HAM01,60 Days
100358,V003,M113,2025-04-18,2025-04-23,2025-04-22,296,58.32,17262.72,17906.62,BER01,60 Days
100359,V019,M137,2025-01-11,2025-01-26,2025-01-24,266,84.36,22439.76,22875.09,BER01,60 Days
100360,V011,M128,2025-03-31,2025-04-17,2025-04-20,370,23.79,8802.3,8710.76,MUC01,60 Days
100361,V012,M108,2025-04-12,2025-05-02,2025-04-30,372,81.86,30451.92,27884.82,CGN01,60 Days
100362,V004,M139,2025-04-17,2025-05-06,2025-05-04,155,48.32,7489.6,7720.28,BER01,45 Days
100363,V005,M103,2025-01-27,2025-02-02,2025-02-05,425,76.15,32363.75,33946.34,MUC01,60 Days
100364,V017,M124,2025-04-18,2025-05-05,2025-05-05,191,9.61,1835.51,1882.87,HAM01,30 Days
100365,V007,M108,2025-01-14,2025-02-01,2025-02-08,419,58.1,24343.9,23486.99,BER01,60 Days
100366,V012,M127,2025-03-04,2025-03-20,2025-03-17,208,65.06,13532.48,13897.86,BER01,30 Days
100367,V007,M117,2025-02-26,2025-03-16,2025-03-18,64,29.65,1897.6,1962.88,HAM01,60 Days
100368,V006,M118,2025-02-07,2025-02-25,2025-03-02,382,21.06,8044.92,8546.92,MUC01,30 Days
100369,V004,M127,2025-01-03,2025-01-15,2025-01-30,24,26.67,640.08,617.68,MUC01,45 Days
100370,V019,M131,2025-04-03,2025-04-08,2025-04-17,388,44.58,17297.04,17139.64,BER01,30 Days
100371,V019,M116,2025-02-10,2025-02-22,2025-03-07,31,16.13,500.03,514.98,HAM01,30 Days
100372,V003,M140,2025-03-21,2025-03-29,2025-04-01,111,113.94,12647.34,12676.43,CGN01,60 Days
100373,V008,M120,2025-02-19,2025-02-25,2025-03-02,305,51.57,15728.85,15025.77,MUC01,60 Days
100374,V012,M107,2025-02-14,2025-02-20,2025-02-24,471,98.03,46172.13,46938.59,MUC01,30 Days
100375,V008,M101,2025-04-17,2025-05-03,2025-05-16,210,117.06,24582.6,25150.46,HAM01,30 Days
100376,V015,M109,2025-01-12,2025-01-25,2025-02-09,69,14.28,985.32,988.77,CGN01,60 Days
100377,V006,M128,2025-03-30,2025-04-12,2025-04-27,124,79.94,9912.56,9999.79,HAM01,60 Days
100378,V002,M122,2025-03-31,2025-04-16,2025-04-27,449,105.21,47239.29,46752.73,CGN01,30 Days
100379,V007,M114,2025-02-15,2025-02-28,2025-03-06,366,77.94,28526.04,30211.93,MUC01,45 Days
100380,V012,M120,2025-02-01,2025-02-16,2025-02-23,59,54.34,3206.06,3090.64,CGN01,30 Days
100381,V004,M134,2025-01-01,2025-01-07,2025-01-22,198,54.57,10804.86,10550.95,HAM01,60 Days
100382,V017,M123,2025-04-23,2025-05-11,2025-05-13,139,9.13,1269.07,1269.58,HAM01,45 Days
100383,V001,M103,2025-04-24,2025-05-06,2025-05-09,97,66.48,6448.56,6675.55,CGN01,30 Days
100384,V002,M102,2025-01-29,2025-02-05,2025-02-19,424,119.26,50566.24,47537.32,CGN01,30 Days
100385,V011,M120,2025-01-04,2025-01-22,2025-01-26,312,115.25,35958.0,34073.8,BER01,45 Days
100386,V011,M117,2025-01-15,2025-01-31,2025-02-01,97,9.65,936.05,859.76,HAM01,60 Days
100387,V006,M135,2025-01-09,2025-01-14,2025-01-21,328,86.17,28263.76,28300.5,CGN01,30 Days
100388,V006,M124,2025-04-10,2025-04-18,2025-04-21,212,39.7,8416.4,8040.19,MUC01,60 Days
100389,V002,M131,2025-04-18,2025-04-23,2025-05-06,40,108.84,4353.6,4286.55,CGN01,45 Days
100390,V014,M124,2025-01-19,2025-01-28,2025-02-11,230,10.19,2343.7,2405.81,CGN01,60 Days
100391,V008,M114,2025-03-31,2025-04-06,2025-04-08,100,112.63,11263.0,10973.54,CGN01,60 Days
100392,V003,M127,2025-01-22,2025-02-07,2025-02-14,130,101.31,13170.3,13292.78,BER01,30 Days
100393,V008,M125,2025-02-14,2025-02-27,2025-03-14,440,18.51,8144.4,8046.67,BER01,30 Days
100394,V019,M129,2025-03-13,2025-04-02,2025-04-13,358,11.88,4253.04,4367.45,BER01,60 Days
100395,V006,M108,2025-03-28,2025-04-13,2025-04-14,75,100.99,7574.25,7718.16,HAM01,30 Days
100396,V018,M126,2025-04-15,2025-04-29,2025-05-07,427,22.91,9782.57,9511.59,MUC01,30 Days
100397,V006,M112,2025-01-06,2025-01-19,2025-01-27,291,66.51,19354.41,19224.74,BER01,45 Days
100398,V004,M132,2025-01-24,2025-01-29,2025-02-07,438,110.31,48315.78,50330.55,CGN01,60 Days
100399,V006,M132,2025-02-03,2025-02-09,2025-02-06,376,70.26,26417.76,26832.52,BER01,60 Days
100400,V007,M125,2025-02-07,2025-02-21,2025-02-23,176,50.68,8919.68,8421.07,BER01,45 Days
100401,V003,M138,2025-04-30,2025-05-05,2025-05-18,272,56.18,15280.96,15681.32,HAM01,30 Days
100402,V012,M122,2025-04-04,2025-04-09,2025-04-10,270,12.26,3310.2,3166.54,MUC01,45 Days
100403,V007,M102,2025-02-08,2025-02-16,2025-02-18,362,116.41,42140.42,44521.35,BER01,60 Days
100404,V015,M125,2025-04-27,2025-05-16,2025-05-19,131,40.73,5335.63,5554.39,CGN01,30 Days
100405,V010,M132,2025-03-01,2025-03-13,2025-03-13,173,26.78,4632.94,4686.68,MUC01,45 Days
100406,V009,M105,2025-03-02,2025-03-18,2025-03-17,129,37.9,4889.1,4919.9,HAM01,30 Days
100407,V010,M105,2025-02-22,2025-03-05,2025-03-08,155,115.9,17964.5,17813.6,MUC01,30 Days
100408,V004,M111,2025-01-18,2025-01-25,2025-02-07,89,15.84,1409.76,1447.96,HAM01,30 Days
100409,V015,M134,2025-04-23,2025-05-03,2025-04-30,27,104.74,2827.98,2786.13,BER01,60 Days
100410,V003,M122,2025-01-02,2025-01-08,2025-01-10,470,86.4,40608.0,40989.72,BER01,60 Days
100411,V015,M140,2025-01-21,2025-02-07,2025-02-05,46,100.45,4620.7,4781.96,CGN01,30 Days
100412,V020,M135,2025-01-28,2025-02-04,2025-02-11,445,117.23,52167.35,50993.58,CGN01,60 Days
100413,V016,M123,2025-02-03,2025-02-14,2025-02-15,11,101.85,1120.35,1092.79,HAM01,45 Days
100414,V010,M128,2025-01-16,2025-02-05,2025-02-17,390,113.49,44261.1,42145.42,HAM01,60 Days
100415,V007,M114,2025-01-03,2025-01-17,2025-01-25,170,19.6,3332.0,3190.06,MUC01,60 Days
100416,V018,M104,2025-03-23,2025-04-04,2025-04-15,263,96.52,25384.76,23529.13,HAM01,30 Days
100417,V006,M116,2025-04-27,2025-05-10,2025-05-19,148,67.75,10027.0,10319.79,CGN01,60 Days
100418,V010,M124,2025-01-15,2025-02-01,2025-02-06,250,67.5,16875.0,18096.75,HAM01,45 Days
100419,V016,M108,2025-02-05,2025-02-14,2025-02-27,231,108.38,25035.78,26462.82,HAM01,30 Days
100420,V019,M109,2025-03-02,2025-03-17,2025-03-23,269,116.76,31408.44,29366.89,CGN01,30 Days
100421,V019,M101,2025-04-22,2025-05-10,2025-05-25,202,86.06,17384.12,17888.26,CGN01,60 Days
100422,V002,M130,2025-03-25,2025-04-08,2025-04-23,272,60.54,16466.88,17403.85,HAM01,45 Days
100423,V018,M136,2025-04-02,2025-04-14,2025-04-22,414,57.49,23800.86,23365.3,MUC01,45 Days
100424,V003,M134,2025-03-11,2025-03-18,2025-03-27,222,49.43,10973.46,11018.45,BER01,30 Days
100425,V012,M116,2025-02-20,2025-02-28,2025-03-01,187,46.58,8710.46,8011.01,BER01,60 Days
100426,V019,M124,2025-01-24,2025-02-13,2025-02-25,74,50.02,3701.48,3741.09,CGN01,30 Days
100427,V014,M139,2025-04-14,2025-04-27,2025-05-06,186,15.32,2849.52,2728.42,MUC01,30 Days
100428,V019,M124,2025-04-07,2025-04-16,2025-04-30,71,13.91,987.61,995.51,HAM01,45 Days
100429,V007,M112,2025-01-04,2025-01-15,2025-01-17,99,94.69,9374.31,8789.35,MUC01,60 Days
100430,V007,M114,2025-03-27,2025-04-10,2025-04-21,476,56.3,26798.8,27380.33,BER01,30 Days
100431,V007,M130,2025-01-11,2025-01-24,2025-01-29,53,112.03,5937.59,6181.03,BER01,30 Days
100432,V008,M118,2025-03-30,2025-04-15,2025-04-15,246,75.41,18550.86,17970.22,BER01,45 Days
100433,V014,M134,2025-04-10,2025-04-19,2025-04-19,418,9.05,3782.9,3610.78,CGN01,30 Days
100434,V010,M135,2025-01-16,2025-01-31,2025-02-07,477,23.12,11028.24,10077.61,CGN01,45 Days
100435,V015,M102,2025-02-22,2025-03-06,2025-03-09,81,28.67,2322.27,2297.42,MUC01,30 Days
100436,V009,M129,2025-01-15,2025-02-04,2025-02-02,90,117.21,10548.9,10303.11,MUC01,30 Days
100437,V007,M115,2025-03-10,2025-03-17,2025-03-22,192,30.15,5788.8,5429.89,BER01,30 Days
100438,V004,M121,2025-04-22,2025-04-29,2025-05-08,281,64.31,18071.11,18398.2,MUC01,60 Days
100439,V012,M111,2025-01-10,2025-01-22,2025-01-25,480,112.66,54076.8,53103.42,MUC01,60 Days
100440,V018,M115,2025-02-17,2025-03-02,2025-03-17,111,117.38,13029.18,12468.93,HAM01,45 Days
100441,V018,M114,2025-04-27,2025-05-13,2025-05-24,90,32.18,2896.2,2831.9,MUC01,45 Days
100442,V006,M103,2025-02-06,2025-02-17,2025-02-23,134,10.65,1427.1,1488.32,BER01,60 Days
100443,V010,M132,2025-01-16,2025-02-04,2025-02-18,438,22.66,9925.08,10164.27,CGN01,30 Days
100444,V015,M106,2025-02-28,2025-03-12,2025-03-17,24,12.28,294.72,293.19,CGN01,45 Days
100445,V013,M116,2025-03-03,2025-03-10,2025-03-09,196,27.44,5378.24,5511.62,MUC01,60 Days
100446,V002,M108,2025-03-21,2025-03-27,2025-03-24,68,70.39,4786.52,4564.43,HAM01,60 Days
100447,V012,M107,2025-02-07,2025-02-27,2025-03-13,86,109.93,9453.98,9466.27,HAM01,30 Days
100448,V001,M115,2025-04-25,2025-05-02,2025-05-17,459,66.78,30652.02,30832.87,MUC01,60 Days
100449,V003,M137,2025-03-04,2025-03-24,2025-04-04,10,76.99,769.9,755.43,BER01,45 Days
100450,V014,M138,2025-02-04,2025-02-13,2025-02-11,167,28.21,4711.07,4793.04,CGN01,60 Days
100451,V003,M116,2025-04-26,2025-05-02,2025-05-04,458,97.07,44458.06,43070.97,CGN01,30 Days
100452,V007,M121,2025-04-21,2025-04-30,2025-04-27,307,76.05,23347.35,23823.64,HAM01,45 Days
100453,V012,M140,2025-03-01,2025-03-15,2025-03-12,45,104.38,4697.1,4800.91,BER01,60 Days
100454,V014,M110,2025-01-03,2025-01-14,2025-01-15,237,114.12,27046.44,23890.12,MUC01,30 Days
100455,V009,M138,2025-03-13,2025-03-30,2025-04-06,485,45.01,21829.85,22868.95,HAM01,60 Days
100456,V002,M105,2025-03-08,2025-03-22,2025-03-20,206,15.42,3176.52,2789.3,BER01,30 Days
100457,V016,M110,2025-01-18,2025-01-29,2025-02-13,269,30.98,8333.62,8128.61,HAM01,60 Days
100458,V019,M114,2025-03-18,2025-04-02,2025-04-07,270,55.35,14944.5,15557.22,MUC01,45 Days
100459,V018,M102,2025-04-11,2025-05-01,2025-05-03,333,113.75,37878.75,37397.69,BER01,30 Days
100460,V015,M133,2025-01-13,2025-01-24,2025-01-30,101,48.51,4899.51,4612.4,MUC01,30 Days
100461,V009,M135,2025-03-28,2025-04-04,2025-04-16,421,93.64,39422.44,37699.68,BER01,60 Days
100462,V018,M116,2025-01-17,2025-01-28,2025-01-30,494,67.15,33172.1,34535.47,MUC01,30 Days
100463,V010,M134,2025-03-31,2025-04-18,2025-04-15,79,26.02,2055.58,1897.51,CGN01,45 Days
100464,V003,M131,2025-02-20,2025-02-28,2025-02-25,410,41.88,17170.8,17946.92,HAM01,30 Days
100465,V018,M133,2025-01-01,2025-01-21,2025-02-03,410,80.12,32849.2,32776.93,HAM01,60 Days
100466,V007,M133,2025-04-26,2025-05-10,2025-05-09,373,82.38,30727.74,29262.03,BER01,45 Days
100467,V019,M123,2025-01-20,2025-02-03,2025-02-12,191,55.0,10505.0,10260.23,MUC01,60 Days
100468,V008,M105,2025-03-13,2025-03-23,2025-03-27,239,31.29,7478.31,7173.94,BER01,30 Days
100469,V018,M137,2025-01-22,2025-02-10,2025-02-21,421,88.02,37056.42,38338.57,HAM01,30 Days
100470,V011,M125,2025-04-22,2025-04-27,2025-04-25,84,24.42,2051.28,2111.38,BER01,45 Days
100471,V010,M137,2025-03-30,2025-04-08,2025-04-22,416,112.72,46891.52,43665.38,CGN01,45 Days
100472,V006,M139,2025-04-07,2025-04-18,2025-04-28,461,26.61,12267.21,12069.71,HAM01,60 Days
100473,V017,M108,2025-02-21,2025-03-05,2025-03-10,344,17.34,5964.96,5759.17,MUC01,60 Days
100474,V002,M117,2025-02-26,2025-03-10,2025-03-10,177,62.23,11014.71,11584.17,CGN01,60 Days
100475,V010,M108,2025-03-18,2025-03-25,2025-04-09,283,64.75,18324.25,17334.74,BER01,30 Days
100476,V008,M103,2025-04-05,2025-04-13,2025-04-15,34,63.44,2156.96,2295.44,HAM01,30 Days
100477,V011,M139,2025-04-12,2025-04-18,2025-04-24,466,55.22,25732.52,25699.07,HAM01,60 Days
100478,V006,M137,2025-01-03,2025-01-17,2025-01-21,177,119.4,21133.8,20151.08,CGN01,45 Days
100479,V014,M138,2025-03-21,2025-03-31,2025-04-01,37,60.92,2254.04,2192.96,CGN01,60 Days
100480,V008,M136,2025-01-14,2025-01-28,2025-02-01,399,59.96,23924.04,23156.08,MUC01,45 Days
100481,V004,M126,2025-02-04,2025-02-18,2025-02-17,332,53.5,17762.0,16856.14,MUC01,30 Days
100482,V004,M121,2025-04-10,2025-04-26,2025-04-23,315,12.68,3994.2,4009.38,CGN01,45 Days
100483,V014,M140,2025-01-31,2025-02-13,2025-02-15,36,73.19,2634.84,2505.47,HAM01,60 Days
100484,V006,M123,2025-04-06,2025-04-21,2025-04-20,377,31.22,11769.94,10743.6,HAM01,45 Days
100485,V007,M126,2025-02-25,2025-03-11,2025-03-15,322,78.33,25222.26,24838.88,CGN01,30 Days
100486,V013,M109,2025-01-28,2025-02-12,2025-02-25,398,10.85,4318.3,4006.95,HAM01,30 Days
100487,V007,M130,2025-02-10,2025-02-24,2025-02-24,415,117.86,48911.9,47439.65,CGN01,60 Days
100488,V008,M133,2025-03-05,2025-03-15,2025-03-12,113,58.94,6660.22,6417.79,MUC01,60 Days
100489,V005,M128,2025-04-02,2025-04-10,2025-04-09,113,108.13,12218.69,11793.48,CGN01,60 Days
100490,V007,M120,2025-03-14,2025-03-31,2025-04-06,462,59.69,27576.78,29782.92,HAM01,30 Days
100491,V014,M108,2025-04-22,2025-05-02,2025-05-04,270,11.94,3223.8,3231.21,CGN01,45 Days
100492,V011,M102,2025-04-15,2025-04-28,2025-05-04,224,99.55,22299.2,22517.73,HAM01,60 Days
100493,V020,M126,2025-04-01,2025-04-09,2025-04-06,150,79.54,11931.0,11082.71,HAM01,45 Days
100494,V016,M128,2025-03-14,2025-03-25,2025-03-28,323,94.9,30652.7,29849.6,BER01,45 Days
100495,V001,M131,2025-02-04,2025-02-17,2025-02-21,379,54.24,20556.96,20733.75,BER01,45 Days
100496,V008,M139,2025-02-19,2025-03-06,2025-03-11,11,78.36,861.96,826.62,CGN01,30 Days
100497,V006,M120,2025-01-15,2025-01-28,2025-02-04,280,103.47,28971.6,30023.27,HAM01,30 Days
100498,V012,M134,2025-02-14,2025-02-24,2025-03-07,496,77.57,38474.72,36624.09,HAM01,60 Days
100499,V006,M129,2025-04-22,2025-05-12,2025-05-17,147,44.98,6612.06,6536.02,BER01,30 Days
100500,V020,M112,2025-02-21,2025-03-06,2025-03-18,147,81.19,11934.93,11655.65,CGN01,30 Days
