PO_Number,Vendor_ID,Material_ID,PO_Date,Planned_Delivery_Date,Delivery_Date,Quantity,Unit_Price,Planned_Cost,Actual_Cost,Plant,Payment_Term,Delay_Days,Cost_Variance,On_Time
100001,V008,M112,2025-01-11,2025-01-17,2025-01-29,269,12.14,3265.66,3391.39,CGN01,45 Days,12,125.73000000000002,0
100002,V018,M121,2025-04-03,2025-04-18,2025-04-28,137,57.7,7904.9,7675.66,HAM01,60 Days,10,-229.23999999999978,0
100003,V014,M105,2025-03-20,2025-04-09,2025-04-16,122,19.84,2420.48,2337.7,BER01,60 Days,7,-82.7800000000002,0
100004,V010,M137,2025-02-22,2025-03-12,2025-03-25,168,22.52,3783.36,3852.97,CGN01,60 Days,13,69.60999999999967,0
100005,V006,M137,2025-02-21,2025-03-02,2025-03-01,302,77.71,23468.42,24395.42,BER01,45 Days,-1,927.0,1
100006,V003,M132,2025-04-14,2025-04-26,2025-05-10,128,50.19,6424.32,6434.6,CGN01,60 Days,14,10.280000000000655,0
100007,V006,M115,2025-01-11,2025-01-24,2025-02-06,457,111.01,50731.57,48118.89,HAM01,45 Days,13,-2612.6800000000003,0
100008,V004,M103,2025-03-25,2025-04-02,2025-04-08,245,41.7,10216.5,9660.72,BER01,60 Days,6,-555.7800000000007,0
100009,V004,M129,2025-01-25,2025-02-03,2025-02-13,433,88.51,38324.83,36136.48,CGN01,45 Days,10,-2188.3499999999985,0
100010,V014,M118,2025-01-12,2025-01-20,2025-01-26,344,58.03,19962.32,18550.98,BER01,45 Days,6,-1411.3400000000001,0
100011,V003,M140,2025-03-05,2025-03-25,2025-03-27,173,80.89,13993.97,14055.54,CGN01,45 Days,2,61.57000000000153,0
100012,V001,M128,2025-04-28,2025-05-14,2025-05-26,121,73.96,8949.16,9351.87,MUC01,45 Days,12,402.71000000000095,0
100013,V011,M122,2025-03-30,2025-04-17,2025-04-18,374,59.37,22204.38,22193.28,BER01,60 Days,1,-11.100000000002183,0
100014,V006,M140,2025-04-02,2025-04-20,2025-04-22,172,114.26,19652.72,17876.11,MUC01,60 Days,2,-1776.6100000000006,0
100015,V010,M133,2025-03-28,2025-04-17,2025-04-23,130,44.41,5773.3,5729.42,CGN01,45 Days,6,-43.88000000000011,0
100016,V003,M119,2025-04-05,2025-04-11,2025-04-23,465,25.38,11801.7,11724.99,HAM01,30 Days,12,-76.71000000000095,0
100017,V005,M101,2025-03-03,2025-03-22,2025-03-26,246,82.98,20413.08,22123.7,MUC01,45 Days,4,1710.619999999999,0
100018,V009,M104,2025-01-16,2025-01-22,2025-01-28,33,102.29,3375.57,3178.77,HAM01,30 Days,6,-196.80000000000018,0
100019,V014,M118,2025-04-11,2025-04-23,2025-04-20,252,9.63,2426.76,2388.9,BER01,30 Days,-3,-37.86000000000013,1
100020,V009,M123,2025-02-24,2025-03-10,2025-03-09,235,56.71,13326.85,14235.74,HAM01,30 Days,-1,908.8899999999994,1
100021,V011,M102,2025-03-02,2025-03-12,2025-03-10,433,107.64,46608.12,47447.07,MUC01,45 Days,-2,838.9499999999971,1
100022,V011,M106,2025-02-14,2025-02-21,2025-02-19,358,91.21,32653.18,33387.88,CGN01,60 Days,-2,734.6999999999971,1
100023,V006,M129,2025-01-22,2025-01-30,2025-02-12,103,119.06,12263.18,12319.59,MUC01,45 Days,13,56.409999999999854,0
100024,V006,M131,2025-04-22,2025-05-10,2025-05-22,83,66.11,5487.13,5559.56,HAM01,45 Days,12,72.43000000000029,0
100025,V009,M102,2025-04-04,2025-04-14,2025-04-26,305,80.9,24674.5,25441.88,HAM01,30 Days,12,767.380000000001,0
100026,V001,M121,2025-03-19,2025-03-28,2025-03-26,33,39.79,1313.07,1270.53,HAM01,60 Days,-2,-42.539999999999964,1
100027,V014,M104,2025-02-18,2025-03-09,2025-03-07,166,113.97,18919.02,19583.08,CGN01,30 Days,-2,664.0600000000013,1
100028,V013,M129,2025-04-09,2025-04-16,2025-04-18,77,47.13,3629.01,3429.78,BER01,60 Days,2,-199.23000000000002,0
100029,V007,M134,2025-03-07,2025-03-26,2025-04-02,20,89.93,1798.6,1822.16,CGN01,60 Days,7,23.560000000000173,0
100030,V008,M135,2025-02-23,2025-03-14,2025-03-17,460,51.36,23625.6,23793.34,HAM01,60 Days,3,167.7400000000016,0
100031,V007,M124,2025-02-24,2025-03-10,2025-03-16,54,69.61,3758.94,3666.09,MUC01,30 Days,6,-92.84999999999991,0
100032,V014,M126,2025-01-28,2025-02-04,2025-02-04,14,87.77,1228.78,1227.67,HAM01,30 Days,0,-1.1099999999999,1
100033,V016,M138,2025-01-12,2025-01-19,2025-01-29,467,63.53,29668.51,28929.76,MUC01,30 Days,10,-738.75,0
100034,V003,M125,2025-03-08,2025-03-17,2025-03-19,102,109.31,11149.62,10671.3,BER01,60 Days,2,-478.3200000000015,0
100035,V009,M118,2025-04-17,2025-05-01,2025-04-29,410,53.22,21820.2,21512.54,CGN01,30 Days,-2,-307.65999999999985,1
100036,V001,M131,2025-01-08,2025-01-15,2025-01-26,25,79.41,1985.25,1897.5,MUC01,60 Days,11,-87.75,0
100037,V010,M124,2025-04-13,2025-04-25,2025-05-09,85,44.37,3771.45,3820.1,CGN01,30 Days,14,48.65000000000009,0
100038,V005,M134,2025-04-10,2025-04-16,2025-04-13,64,51.94,3324.16,3171.25,BER01,30 Days,-3,-152.90999999999985,1
100039,V007,M121,2025-02-03,2025-02-16,2025-02-21,356,55.61,19797.16,20361.38,MUC01,30 Days,5,564.2200000000012,0
100040,V010,M135,2025-03-17,2025-03-22,2025-04-03,313,19.47,6094.11,5805.86,CGN01,60 Days,12,-288.25,0
100041,V007,M102,2025-01-20,2025-02-05,2025-02-15,242,15.55,3763.1,3677.68,MUC01,45 Days,10,-85.42000000000007,0
100042,V008,M102,2025-04-01,2025-04-06,2025-04-19,128,81.76,10465.28,10203.65,HAM01,45 Days,13,-261.630000000001,0
100043,V016,M104,2025-03-26,2025-04-03,2025-04-07,53,80.38,4260.14,4485.93,CGN01,45 Days,4,225.78999999999996,0
100044,V017,M123,2025-02-12,2025-02-19,2025-02-23,288,81.23,23394.24,23703.04,CGN01,45 Days,4,308.7999999999993,0
100045,V001,M129,2025-01-09,2025-01-27,2025-02-06,123,7.27,894.21,886.61,HAM01,45 Days,10,-7.600000000000023,0
100046,V008,M109,2025-04-27,2025-05-02,2025-05-01,299,42.55,12722.45,12975.63,CGN01,45 Days,-1,253.17999999999847,1
100047,V017,M107,2025-02-23,2025-03-06,2025-03-07,346,27.75,9601.5,8792.09,CGN01,30 Days,1,-809.4099999999999,0
100048,V011,M135,2025-04-18,2025-05-02,2025-05-10,426,94.49,40252.74,40184.31,CGN01,30 Days,8,-68.43000000000029,0
100049,V005,M131,2025-03-23,2025-04-05,2025-04-14,252,103.97,26200.44,28293.86,MUC01,45 Days,9,2093.420000000002,0
100050,V012,M126,2025-04-04,2025-04-19,2025-04-18,12,33.37,400.44,402.56,BER01,30 Days,-1,2.1200000000000045,1
100051,V003,M120,2025-04-02,2025-04-19,2025-04-25,147,81.8,12024.6,12057.07,BER01,45 Days,6,32.469999999999345,0
100052,V001,M117,2025-01-24,2025-02-04,2025-02-07,428,19.88,8508.64,8694.98,BER01,30 Days,3,186.34000000000015,0
100053,V013,M101,2025-02-13,2025-03-03,2025-03-09,271,36.64,9929.44,10284.91,BER01,60 Days,6,355.46999999999935,0
100054,V011,M108,2025-02-26,2025-03-08,2025-03-23,313,20.95,6557.35,6033.42,BER01,30 Days,15,-523.9300000000003,0
100055,V016,M136,2025-03-01,2025-03-21,2025-03-19,234,37.6,8798.4,8206.27,BER01,30 Days,-2,-592.1299999999992,1
100056,V007,M114,2025-01-06,2025-01-19,2025-02-03,89,82.59,7350.51,7412.25,BER01,45 Days,15,61.73999999999978,0
100057,V018,M129,2025-03-07,2025-03-23,2025-03-28,449,109.69,49250.81,47842.24,BER01,30 Days,5,-1408.5699999999997,0
100058,V009,M129,2025-01-19,2025-02-07,2025-02-18,388,28.29,10976.52,11552.79,HAM01,45 Days,11,576.2700000000004,0
100059,V015,M113,2025-03-31,2025-04-17,2025-04-22,497,67.34,33467.98,33046.28,HAM01,30 Days,5,-421.70000000000437,0
100060,V003,M109,2025-03-23,2025-04-10,2025-04-12,429,85.66,36748.14,33903.83,CGN01,30 Days,2,-2844.3099999999977,0
100061,V002,M128,2025-04-21,2025-05-04,2025-05-15,152,114.59,17417.68,16534.6,CGN01,60 Days,11,-883.0800000000017,0
100062,V016,M104,2025-03-31,2025-04-05,2025-04-15,134,75.16,10071.44,8963.58,BER01,60 Days,10,-1107.8600000000006,0
100063,V017,M120,2025-02-13,2025-02-25,2025-02-24,131,34.34,4498.54,4456.25,HAM01,30 Days,-1,-42.289999999999964,1
100064,V019,M136,2025-04-27,2025-05-04,2025-05-14,460,76.93,35387.8,35122.39,CGN01,60 Days,10,-265.4100000000035,0
100065,V007,M129,2025-02-19,2025-03-10,2025-03-21,282,41.86,11804.52,11603.84,HAM01,60 Days,11,-200.6800000000003,0
100066,V001,M131,2025-02-09,2025-02-17,2025-02-21,232,117.25,27202.0,28377.13,MUC01,45 Days,4,1175.130000000001,0
100067,V020,M104,2025-04-19,2025-04-27,2025-05-11,484,50.96,24664.64,25846.08,MUC01,45 Days,14,1181.4400000000023,0
100068,V013,M108,2025-02-14,2025-02-22,2025-03-03,305,83.82,25565.1,25391.26,HAM01,60 Days,9,-173.84000000000015,0
100069,V005,M112,2025-01-10,2025-01-25,2025-01-28,455,7.67,3489.85,3191.82,CGN01,45 Days,3,-298.02999999999975,0
100070,V016,M112,2025-02-26,2025-03-12,2025-03-09,492,51.01,25096.92,25716.81,BER01,45 Days,-3,619.890000000003,1
100071,V019,M108,2025-04-06,2025-04-26,2025-05-05,48,105.64,5070.72,5183.29,MUC01,45 Days,9,112.56999999999971,0
100072,V006,M139,2025-01-23,2025-02-03,2025-02-03,187,75.18,14058.66,14232.99,BER01,60 Days,0,174.32999999999993,1
100073,V016,M107,2025-02-25,2025-03-06,2025-03-17,369,56.05,20682.45,21495.27,HAM01,60 Days,11,812.8199999999997,0
100074,V016,M129,2025-01-16,2025-01-21,2025-01-27,408,112.63,45953.04,43811.63,MUC01,30 Days,6,-2141.4100000000035,0
100075,V011,M124,2025-03-24,2025-03-29,2025-04-03,82,103.21,8463.22,9143.66,BER01,45 Days,5,680.4400000000005,0
100076,V013,M125,2025-02-27,2025-03-09,2025-03-09,166,42.05,6980.3,6712.26,MUC01,60 Days,0,-268.03999999999996,1
100077,V006,M109,2025-02-09,2025-02-28,2025-03-10,278,67.62,18798.36,19362.31,CGN01,30 Days,10,563.9500000000007,0
100078,V019,M113,2025-01-28,2025-02-10,2025-02-10,401,61.33,24593.33,22933.28,HAM01,60 Days,0,-1660.050000000003,1
100079,V020,M125,2025-03-09,2025-03-28,2025-04-01,65,77.7,5050.5,4862.62,HAM01,60 Days,4,-187.8800000000001,0
100080,V020,M112,2025-03-22,2025-03-28,2025-04-09,304,43.42,13199.68,14000.9,BER01,60 Days,12,801.2199999999993,0
100081,V015,M128,2025-04-23,2025-04-29,2025-05-13,155,33.08,5127.4,5074.08,CGN01,30 Days,14,-53.31999999999971,0
100082,V001,M102,2025-02-22,2025-03-12,2025-03-27,116,109.96,12755.36,13183.94,MUC01,45 Days,15,428.5799999999999,0
100083,V008,M103,2025-01-20,2025-01-26,2025-02-10,262,111.25,29147.5,29424.4,HAM01,45 Days,15,276.90000000000146,0
100084,V009,M130,2025-04-10,2025-04-15,2025-04-22,212,101.98,21619.76,21528.96,CGN01,45 Days,7,-90.79999999999927,0
100085,V020,M125,2025-03-17,2025-03-28,2025-03-28,321,117.49,37714.29,39773.49,MUC01,60 Days,0,2059.199999999997,1
100086,V011,M102,2025-03-26,2025-04-14,2025-04-26,165,90.67,14960.55,14818.42,HAM01,45 Days,12,-142.1299999999992,0
100087,V011,M136,2025-01-12,2025-01-28,2025-02-09,413,92.94,38384.22,35651.26,BER01,45 Days,12,-2732.959999999999,0
100088,V003,M101,2025-02-07,2025-02-13,2025-02-28,48,92.7,4449.6,4306.77,MUC01,60 Days,15,-142.82999999999993,0
100089,V016,M139,2025-04-03,2025-04-21,2025-04-30,432,60.27,26036.64,26609.45,CGN01,60 Days,9,572.8100000000013,0
100090,V007,M130,2025-04-10,2025-04-28,2025-04-27,24,57.49,1379.76,1401.56,MUC01,60 Days,-1,21.799999999999955,1
100091,V002,M140,2025-02-22,2025-03-11,2025-03-17,370,32.63,12073.1,11316.12,BER01,45 Days,6,-756.9799999999996,0
100092,V020,M138,2025-04-07,2025-04-26,2025-05-01,179,79.15,14167.85,13756.98,BER01,60 Days,5,-410.8700000000008,0
100093,V004,M113,2025-04-12,2025-04-20,2025-05-03,197,38.27,7539.19,7363.53,HAM01,30 Days,13,-175.65999999999985,0
100094,V001,M131,2025-02-16,2025-03-08,2025-03-12,19,34.65,658.35,648.74,MUC01,45 Days,4,-9.610000000000014,0
100095,V002,M109,2025-04-18,2025-04-28,2025-05-01,354,72.39,25626.06,24216.63,HAM01,45 Days,3,-1409.4300000000003,0
100096,V010,M119,2025-02-04,2025-02-21,2025-02-19,91,52.15,4745.65,4626.53,BER01,30 Days,-2,-119.11999999999989,1
100097,V003,M110,2025-01-29,2025-02-12,2025-02-24,332,30.17,10016.44,9724.96,CGN01,45 Days,12,-291.4800000000014,0
100098,V017,M120,2025-03-23,2025-04-09,2025-04-20,365,98.85,36080.25,37195.13,CGN01,45 Days,11,1114.8799999999974,0
100099,V011,M135,2025-03-18,2025-04-02,2025-03-30,424,103.97,44083.28,45511.58,MUC01,45 Days,-3,1428.300000000003,1
100100,V007,M118,2025-01-17,2025-02-01,2025-02-06,356,24.29,8647.24,8597.09,MUC01,30 Days,5,-50.149999999999636,0
100101,V001,M104,2025-04-10,2025-04-24,2025-04-30,157,5.86,920.02,905.58,BER01,30 Days,6,-14.43999999999994,0
100102,V010,M113,2025-01-24,2025-02-10,2025-02-15,371,43.65,16194.15,16284.84,BER01,30 Days,5,90.69000000000051,0
100103,V004,M132,2025-04-07,2025-04-23,2025-05-07,414,96.71,40037.94,38728.7,CGN01,45 Days,14,-1309.2400000000052,0
100104,V020,M121,2025-01-01,2025-01-08,2025-01-07,165,101.5,16747.5,15978.79,HAM01,30 Days,-1,-768.7099999999991,1
100105,V006,M123,2025-04-06,2025-04-24,2025-04-26,70,20.91,1463.7,1408.66,HAM01,45 Days,2,-55.039999999999964,0
100106,V010,M118,2025-04-05,2025-04-18,2025-04-18,446,94.05,41946.3,40880.86,MUC01,60 Days,0,-1065.4400000000023,1
100107,V001,M112,2025-04-04,2025-04-14,2025-04-15,82,18.31,1501.42,1431.6,MUC01,60 Days,1,-69.82000000000016,0
100108,V003,M124,2025-03-21,2025-04-03,2025-04-17,300,49.86,14958.0,15055.23,MUC01,30 Days,14,97.22999999999956,0
100109,V005,M126,2025-02-26,2025-03-18,2025-04-01,125,119.84,14980.0,15417.42,CGN01,60 Days,14,437.4200000000001,0
100110,V002,M136,2025-03-26,2025-04-13,2025-04-10,71,27.15,1927.65,1805.24,HAM01,30 Days,-3,-122.41000000000008,1
100111,V015,M125,2025-02-03,2025-02-21,2025-03-02,390,22.71,8856.9,8865.76,CGN01,30 Days,9,8.860000000000582,0
100112,V019,M140,2025-04-04,2025-04-16,2025-04-17,80,53.62,4289.6,4251.85,BER01,30 Days,1,-37.75,0
100113,V020,M134,2025-03-08,2025-03-25,2025-03-25,338,76.26,25775.88,26129.01,BER01,30 Days,0,353.1299999999974,1
100114,V006,M104,2025-02-25,2025-03-08,2025-03-10,349,112.28,39185.72,39166.13,BER01,60 Days,2,-19.590000000003783,0
100115,V016,M116,2025-03-02,2025-03-17,2025-03-17,39,117.79,4593.81,4326.91,HAM01,30 Days,0,-266.90000000000055,1
100116,V011,M116,2025-03-10,2025-03-25,2025-03-31,94,13.01,1222.94,1161.18,BER01,60 Days,6,-61.75999999999999,0
100117,V001,M101,2025-01-05,2025-01-13,2025-01-28,399,20.87,8327.13,8337.12,HAM01,45 Days,15,9.9900000000016,0
100118,V002,M108,2025-01-17,2025-01-26,2025-02-03,258,95.93,24749.94,25769.64,BER01,30 Days,8,1019.7000000000007,0
100119,V011,M131,2025-01-30,2025-02-04,2025-02-14,69,36.12,2492.28,2271.46,BER01,45 Days,10,-220.82000000000016,0
100120,V009,M115,2025-01-14,2025-01-21,2025-01-27,495,106.76,52846.2,53575.48,BER01,30 Days,6,729.2800000000061,0
100121,V001,M106,2025-02-22,2025-03-05,2025-03-02,139,81.3,11300.7,11838.61,MUC01,45 Days,-3,537.9099999999999,1
100122,V019,M112,2025-03-22,2025-04-03,2025-04-01,11,17.86,196.46,195.26,MUC01,45 Days,-2,-1.200000000000017,1
100123,V015,M111,2025-03-20,2025-03-27,2025-03-29,462,100.74,46541.88,47565.8,MUC01,45 Days,2,1023.9200000000055,0
100124,V011,M107,2025-02-26,2025-03-09,2025-03-10,18,25.28,455.04,442.25,HAM01,30 Days,1,-12.79000000000002,0
100125,V020,M105,2025-04-13,2025-04-27,2025-05-09,281,53.7,15089.7,15017.27,BER01,60 Days,12,-72.43000000000029,0
100126,V020,M131,2025-03-09,2025-03-17,2025-03-30,496,68.5,33976.0,31774.36,HAM01,45 Days,13,-2201.6399999999994,0
100127,V020,M133,2025-01-10,2025-01-20,2025-02-02,293,62.59,18338.87,16618.68,MUC01,30 Days,13,-1720.1899999999987,0
100128,V006,M120,2025-04-02,2025-04-12,2025-04-21,296,83.91,24837.36,25773.73,BER01,45 Days,9,936.369999999999,0
100129,V018,M125,2025-03-10,2025-03-23,2025-03-30,200,80.06,16012.0,15381.13,HAM01,30 Days,7,-630.8700000000008,0
100130,V011,M137,2025-03-18,2025-03-28,2025-04-06,72,119.08,8573.76,8417.72,CGN01,60 Days,9,-156.04000000000087,0
100131,V015,M134,2025-03-09,2025-03-25,2025-03-29,290,119.93,34779.7,32849.43,MUC01,60 Days,4,-1930.2699999999968,0
100132,V018,M102,2025-03-08,2025-03-18,2025-03-27,449,64.39,28911.11,27280.52,HAM01,30 Days,9,-1630.5900000000001,0
100133,V004,M139,2025-01-11,2025-01-22,2025-02-03,54,15.95,861.3,855.27,BER01,60 Days,12,-6.029999999999973,0
100134,V009,M103,2025-03-09,2025-03-20,2025-03-31,441,88.7,39116.7,37974.49,BER01,60 Days,11,-1142.2099999999991,0
100135,V003,M102,2025-04-06,2025-04-13,2025-04-21,213,117.32,24989.16,25366.5,BER01,45 Days,8,377.34000000000015,0
100136,V006,M117,2025-02-06,2025-02-21,2025-02-19,272,41.61,11317.92,11522.77,CGN01,30 Days,-2,204.85000000000036,1
100137,V009,M130,2025-03-14,2025-03-22,2025-04-01,91,58.04,5281.64,5349.24,MUC01,60 Days,10,67.59999999999945,0
100138,V018,M104,2025-01-04,2025-01-13,2025-01-16,314,53.85,16908.9,17069.53,CGN01,60 Days,3,160.62999999999738,0
100139,V018,M112,2025-02-11,2025-02-28,2025-03-11,99,10.91,1080.09,1148.24,MUC01,60 Days,11,68.15000000000009,0
100140,V008,M111,2025-02-22,2025-03-14,2025-03-21,143,82.31,11770.33,11267.74,BER01,60 Days,7,-502.59000000000015,0
100141,V007,M116,2025-04-28,2025-05-13,2025-05-26,363,45.63,16563.69,16527.25,HAM01,60 Days,13,-36.43999999999869,0
100142,V011,M140,2025-01-26,2025-02-14,2025-02-17,34,95.56,3249.04,3396.22,BER01,60 Days,3,147.17999999999984,0
100143,V019,M114,2025-02-03,2025-02-21,2025-03-07,229,100.69,23058.01,24224.75,MUC01,30 Days,14,1166.7400000000016,0
100144,V020,M109,2025-02-19,2025-03-03,2025-03-16,301,99.44,29931.44,28228.34,BER01,45 Days,13,-1703.0999999999985,0
100145,V005,M105,2025-04-30,2025-05-17,2025-05-20,74,52.92,3916.08,3867.13,CGN01,30 Days,3,-48.94999999999982,0
100146,V004,M108,2025-04-13,2025-04-23,2025-04-29,154,41.98,6464.92,6815.97,CGN01,30 Days,6,351.0500000000002,0
100147,V015,M106,2025-01-05,2025-01-17,2025-01-24,178,91.11,16217.58,16546.8,CGN01,60 Days,7,329.21999999999935,0
100148,V007,M123,2025-01-29,2025-02-11,2025-02-22,335,97.16,32548.6,32802.48,HAM01,60 Days,11,253.88000000000466,0
100149,V004,M117,2025-04-09,2025-04-29,2025-05-09,488,61.49,30007.12,29746.06,HAM01,45 Days,10,-261.0599999999977,0
100150,V001,M120,2025-01-07,2025-01-25,2025-02-07,419,107.7,45126.3,44431.35,CGN01,60 Days,13,-694.9500000000044,0
100151,V009,M134,2025-04-13,2025-04-25,2025-04-29,102,21.55,2198.1,2223.38,MUC01,30 Days,4,25.2800000000002,0
100152,V008,M124,2025-02-03,2025-02-18,2025-02-24,18,106.09,1909.62,1890.33,HAM01,30 Days,6,-19.289999999999964,0
100153,V012,M107,2025-04-21,2025-04-29,2025-05-04,35,16.05,561.75,560.8,MUC01,60 Days,5,-0.9500000000000455,0
100154,V005,M116,2025-02-05,2025-02-22,2025-03-08,301,22.66,6820.66,6841.8,CGN01,45 Days,14,21.140000000000327,0
100155,V015,M113,2025-02-22,2025-03-07,2025-03-09,86,66.39,5709.54,5554.81,MUC01,45 Days,2,-154.72999999999956,0
100156,V014,M134,2025-03-21,2025-04-03,2025-04-11,123,12.76,1569.48,1602.91,HAM01,45 Days,8,33.430000000000064,0
100157,V010,M113,2025-01-16,2025-02-02,2025-02-01,425,11.07,4704.75,5253.32,BER01,30 Days,-1,548.5699999999997,1
100158,V004,M106,2025-03-08,2025-03-23,2025-04-05,438,5.06,2216.28,2058.7,HAM01,60 Days,13,-157.58000000000038,0
100159,V011,M130,2025-03-02,2025-03-08,2025-03-12,421,55.18,23230.78,23532.78,MUC01,60 Days,4,302.0,0
100160,V014,M118,2025-04-05,2025-04-14,2025-04-17,134,94.08,12606.72,12223.48,HAM01,60 Days,3,-383.2399999999998,0
100161,V008,M104,2025-04-30,2025-05-07,2025-05-15,313,9.01,2820.13,2885.28,BER01,45 Days,8,65.15000000000009,0
100162,V006,M128,2025-03-21,2025-04-06,2025-04-12,309,80.01,24723.09,24770.06,MUC01,45 Days,6,46.970000000001164,0
100163,V011,M109,2025-02-19,2025-02-24,2025-03-09,100,99.66,9966.0,10269.96,CGN01,60 Days,13,303.9599999999991,0
100164,V008,M135,2025-02-18,2025-02-26,2025-03-05,281,24.32,6833.92,7155.11,MUC01,45 Days,7,321.1899999999996,0
100165,V009,M134,2025-02-20,2025-03-06,2025-03-12,267,21.89,5844.63,5889.63,HAM01,45 Days,6,45.0,0
100166,V007,M115,2025-04-08,2025-04-24,2025-04-22,204,103.99,21213.96,22174.95,HAM01,30 Days,-2,960.9900000000016,1
100167,V007,M123,2025-02-08,2025-02-21,2025-02-18,378,99.66,37671.48,34137.9,HAM01,45 Days,-3,-3533.5800000000017,1
100168,V015,M123,2025-01-21,2025-02-08,2025-02-12,342,66.98,22907.16,24364.06,MUC01,45 Days,4,1456.9000000000015,0
100169,V010,M127,2025-02-10,2025-03-01,2025-03-16,271,99.21,26885.91,27289.2,HAM01,45 Days,15,403.2900000000009,0
100170,V010,M103,2025-01-03,2025-01-10,2025-01-24,365,15.67,5719.55,5966.06,MUC01,30 Days,14,246.51000000000022,0
100171,V014,M113,2025-01-13,2025-02-02,2025-02-10,383,50.37,19291.71,18350.27,CGN01,30 Days,8,-941.4399999999987,0
100172,V008,M107,2025-01-11,2025-01-25,2025-02-02,287,89.85,25786.95,24930.82,CGN01,60 Days,8,-856.130000000001,0
100173,V003,M128,2025-04-03,2025-04-18,2025-04-22,141,34.61,4880.01,4908.31,BER01,45 Days,4,28.300000000000182,0
100174,V018,M103,2025-03-28,2025-04-03,2025-04-03,381,91.52,34869.12,34844.71,CGN01,45 Days,0,-24.410000000003492,1
100175,V002,M121,2025-03-25,2025-04-08,2025-04-05,361,62.98,22735.78,22992.69,CGN01,45 Days,-3,256.90999999999985,1
100176,V012,M130,2025-02-25,2025-03-13,2025-03-16,491,91.28,44818.48,46763.6,BER01,45 Days,3,1945.1199999999953,0
100177,V006,M138,2025-03-28,2025-04-11,2025-04-14,83,58.44,4850.52,4508.07,CGN01,60 Days,3,-342.4500000000007,0
100178,V005,M112,2025-01-20,2025-01-26,2025-01-26,215,47.31,10171.65,10568.34,HAM01,30 Days,0,396.6900000000005,1
100179,V001,M101,2025-04-19,2025-05-02,2025-05-03,462,30.21,13957.02,13961.21,CGN01,60 Days,1,4.18999999999869,0
100180,V019,M129,2025-03-02,2025-03-21,2025-03-18,262,28.96,7587.52,7525.3,MUC01,30 Days,-3,-62.220000000000255,1
100181,V009,M101,2025-04-23,2025-05-09,2025-05-17,471,91.42,43058.82,40526.96,BER01,45 Days,8,-2531.8600000000006,0
100182,V007,M103,2025-01-19,2025-01-26,2025-02-09,16,18.67,298.72,304.72,CGN01,45 Days,14,6.0,0
100183,V015,M140,2025-03-01,2025-03-21,2025-03-31,27,14.89,402.03,363.19,MUC01,60 Days,10,-38.839999999999975,0
100184,V001,M135,2025-03-25,2025-04-14,2025-04-19,400,25.27,10108.0,10369.8,HAM01,30 Days,5,261.7999999999993,0
100185,V012,M129,2025-03-01,2025-03-08,2025-03-12,185,25.16,4654.6,4376.72,MUC01,45 Days,4,-277.8800000000001,0
100186,V010,M134,2025-02-23,2025-03-12,2025-03-14,264,99.66,26310.24,26365.49,MUC01,30 Days,2,55.25,0
100187,V012,M104,2025-01-20,2025-01-31,2025-01-30,219,50.83,11131.77,11078.34,CGN01,30 Days,-1,-53.43000000000029,1
100188,V003,M104,2025-02-15,2025-03-01,2025-03-09,209,118.89,24848.01,26010.9,CGN01,60 Days,8,1162.890000000003,0
100189,V020,M113,2025-01-29,2025-02-10,2025-02-17,470,20.78,9766.6,9697.26,BER01,60 Days,7,-69.34000000000015,0
100190,V005,M101,2025-02-06,2025-02-23,2025-02-20,56,80.16,4488.96,4364.17,CGN01,45 Days,-3,-124.78999999999996,1
100191,V014,M136,2025-03-24,2025-04-13,2025-04-17,388,56.6,21960.8,21515.0,MUC01,45 Days,4,-445.7999999999993,0
100192,V015,M103,2025-03-17,2025-04-03,2025-04-05,445,50.19,22334.55,23471.38,MUC01,45 Days,2,1136.8300000000017,0
100193,V007,M122,2025-03-14,2025-04-02,2025-04-02,332,105.63,35069.16,35823.15,CGN01,30 Days,0,753.989999999998,1
100194,V003,M135,2025-02-13,2025-03-05,2025-03-15,203,117.19,23789.57,23423.21,BER01,45 Days,10,-366.3600000000006,0
100195,V006,M130,2025-04-26,2025-05-02,2025-05-08,88,105.38,9273.44,9185.34,BER01,30 Days,6,-88.10000000000036,0
100196,V017,M110,2025-01-11,2025-01-20,2025-01-29,344,27.11,9325.84,8741.11,MUC01,60 Days,9,-584.7299999999996,0
100197,V019,M119,2025-02-11,2025-02-27,2025-03-09,239,30.39,7263.21,7375.79,BER01,45 Days,10,112.57999999999993,0
100198,V019,M122,2025-01-15,2025-01-29,2025-02-13,83,80.45,6677.35,6207.26,CGN01,30 Days,15,-470.09000000000015,0
100199,V005,M131,2025-02-10,2025-02-15,2025-02-27,186,38.24,7112.64,7326.73,MUC01,45 Days,12,214.08999999999924,0
100200,V013,M118,2025-04-26,2025-05-02,2025-05-10,481,89.49,43044.69,43264.22,HAM01,60 Days,8,219.52999999999884,0
100201,V004,M112,2025-02-13,2025-02-26,2025-03-11,140,70.14,9819.6,10757.37,HAM01,30 Days,13,937.7700000000004,0
100202,V015,M132,2025-04-20,2025-05-04,2025-05-10,97,68.35,6629.95,6338.23,HAM01,60 Days,6,-291.72000000000025,0
100203,V009,M136,2025-03-01,2025-03-08,2025-03-23,344,100.28,34496.32,34354.89,MUC01,45 Days,15,-141.4300000000003,0
100204,V015,M120,2025-03-25,2025-04-01,2025-04-12,107,86.71,9277.97,9945.06,BER01,45 Days,11,667.0900000000001,0
100205,V014,M102,2025-02-24,2025-03-03,2025-03-12,460,8.06,3707.6,3884.45,CGN01,60 Days,9,176.8499999999999,0
100206,V020,M121,2025-02-01,2025-02-15,2025-03-01,430,10.69,4596.7,4468.91,HAM01,45 Days,14,-127.78999999999996,0
100207,V010,M136,2025-04-02,2025-04-07,2025-04-13,491,74.18,36422.38,36750.18,CGN01,30 Days,6,327.8000000000029,0
100208,V007,M140,2025-04-27,2025-05-11,2025-05-21,457,60.91,27835.87,27838.65,BER01,60 Days,10,2.780000000002474,0
100209,V011,M117,2025-02-01,2025-02-13,2025-02-15,129,34.92,4504.68,4555.58,HAM01,30 Days,2,50.899999999999636,0
100210,V004,M107,2025-04-04,2025-04-16,2025-05-01,113,53.15,6005.95,5838.38,MUC01,45 Days,15,-167.5699999999997,0
100211,V003,M123,2025-02-01,2025-02-16,2025-02-24,177,92.16,16312.32,16253.6,MUC01,60 Days,8,-58.719999999999345,0
100212,V011,M134,2025-03-28,2025-04-10,2025-04-21,240,100.06,24014.4,22479.88,CGN01,45 Days,11,-1534.5200000000004,0
100213,V017,M138,2025-04-05,2025-04-21,2025-04-26,441,69.54,30667.14,30832.74,CGN01,60 Days,5,165.60000000000218,0
100214,V011,M103,2025-02-23,2025-03-12,2025-03-25,369,49.32,18199.08,18526.66,CGN01,45 Days,13,327.5799999999981,0
100215,V016,M112,2025-03-30,2025-04-18,2025-04-16,325,36.13,11742.25,11635.4,BER01,30 Days,-2,-106.85000000000036,1
100216,V004,M120,2025-02-02,2025-02-19,2025-02-18,440,65.02,28608.8,26760.67,MUC01,30 Days,-1,-1848.130000000001,1
100217,V009,M104,2025-01-10,2025-01-23,2025-01-29,326,41.2,13431.2,13961.73,MUC01,45 Days,6,530.5299999999988,0
100218,V013,M136,2025-01-12,2025-01-24,2025-02-03,195,69.87,13624.65,13823.57,CGN01,30 Days,10,198.92000000000007,0
100219,V007,M105,2025-02-23,2025-03-03,2025-03-15,212,82.82,17557.84,17048.66,HAM01,45 Days,12,-509.1800000000003,0
100220,V001,M127,2025-04-19,2025-05-03,2025-05-08,263,12.6,3313.8,3276.69,MUC01,45 Days,5,-37.11000000000013,0
100221,V002,M137,2025-01-16,2025-01-23,2025-02-01,53,5.12,271.36,255.08,HAM01,60 Days,9,-16.28,0
100222,V019,M128,2025-02-24,2025-03-15,2025-03-22,373,29.41,10969.93,10520.16,MUC01,30 Days,7,-449.77000000000044,0
100223,V013,M131,2025-03-26,2025-04-13,2025-04-28,329,107.87,35489.23,34726.21,MUC01,60 Days,15,-763.0200000000041,0
100224,V006,M111,2025-01-25,2025-01-31,2025-02-09,368,79.32,29189.76,30622.98,HAM01,45 Days,9,1433.2200000000012,0
100225,V006,M134,2025-03-28,2025-04-14,2025-04-18,271,24.78,6715.38,6543.47,MUC01,45 Days,4,-171.90999999999985,0
100226,V001,M117,2025-02-06,2025-02-12,2025-02-27,393,107.38,42200.34,43280.67,CGN01,45 Days,15,1080.3300000000017,0
100227,V019,M103,2025-04-08,2025-04-24,2025-04-23,475,59.04,28044.0,27441.05,BER01,30 Days,-1,-602.9500000000007,1
100228,V003,M115,2025-03-11,2025-03-17,2025-04-01,289,59.75,17267.75,17438.7,CGN01,60 Days,15,170.95000000000073,0
100229,V016,M114,2025-03-07,2025-03-19,2025-03-18,227,112.59,25557.93,25412.25,CGN01,30 Days,-1,-145.6800000000003,1
100230,V005,M121,2025-01-22,2025-02-06,2025-02-08,61,11.84,722.24,747.45,CGN01,30 Days,2,25.210000000000036,0
100231,V007,M111,2025-02-25,2025-03-13,2025-03-25,391,29.75,11632.25,11383.32,MUC01,60 Days,12,-248.9300000000003,0
100232,V006,M119,2025-04-13,2025-04-24,2025-05-04,452,72.36,32706.72,30649.47,CGN01,45 Days,10,-2057.25,0
100233,V017,M118,2025-01-03,2025-01-22,2025-02-06,352,27.48,9672.96,9138.05,CGN01,60 Days,15,-534.9099999999999,0
100234,V001,M114,2025-04-02,2025-04-19,2025-04-30,434,83.15,36087.1,35318.44,CGN01,45 Days,11,-768.6599999999962,0
100235,V008,M128,2025-03-01,2025-03-09,2025-03-18,431,29.62,12766.22,12127.91,MUC01,30 Days,9,-638.3099999999995,0
100236,V006,M113,2025-03-28,2025-04-12,2025-04-15,401,16.4,6576.4,6684.25,HAM01,30 Days,3,107.85000000000036,0
100237,V006,M131,2025-03-21,2025-04-06,2025-04-03,256,28.8,7372.8,7235.67,BER01,45 Days,-3,-137.1300000000001,1
100238,V004,M111,2025-02-21,2025-03-03,2025-03-02,58,53.61,3109.38,3404.77,CGN01,30 Days,-1,295.3899999999999,1
100239,V019,M135,2025-02-07,2025-02-23,2025-02-25,11,25.26,277.86,258.55,CGN01,60 Days,2,-19.310000000000002,0
100240,V008,M115,2025-03-17,2025-04-05,2025-04-02,110,20.49,2253.9,2272.16,BER01,30 Days,-3,18.259999999999764,1
100241,V009,M102,2025-01-17,2025-02-04,2025-02-10,221,103.93,22968.53,21932.65,HAM01,60 Days,6,-1035.8799999999974,0
100242,V008,M106,2025-03-12,2025-03-29,2025-04-09,374,41.85,15651.9,15343.56,MUC01,30 Days,11,-308.34000000000015,0
100243,V020,M133,2025-01-12,2025-01-27,2025-02-11,233,46.49,10832.17,10893.91,BER01,30 Days,15,61.73999999999978,0
100244,V007,M135,2025-03-19,2025-03-28,2025-04-03,21,11.36,238.56,216.37,BER01,30 Days,6,-22.189999999999998,0
100245,V007,M109,2025-03-17,2025-04-03,2025-04-16,113,46.1,5209.3,5258.79,MUC01,30 Days,13,49.48999999999978,0
100246,V007,M125,2025-01-11,2025-01-21,2025-02-05,489,35.45,17335.05,18654.25,MUC01,45 Days,15,1319.2000000000007,0
100247,V007,M123,2025-04-01,2025-04-14,2025-04-27,494,75.21,37153.74,36481.26,HAM01,30 Days,13,-672.4799999999959,0
100248,V002,M106,2025-02-19,2025-03-01,2025-03-06,194,28.62,5552.28,5610.02,MUC01,45 Days,5,57.74000000000069,0
100249,V013,M119,2025-04-05,2025-04-15,2025-04-18,404,107.16,43292.64,45067.64,BER01,45 Days,3,1775.0,0
100250,V001,M128,2025-01-05,2025-01-12,2025-01-27,362,111.91,40511.42,40244.04,HAM01,30 Days,15,-267.3799999999974,0
100251,V005,M139,2025-01-22,2025-02-11,2025-02-12,466,16.48,7679.68,7501.51,CGN01,30 Days,1,-178.17000000000007,0
100252,V005,M134,2025-03-01,2025-03-08,2025-03-12,444,17.35,7703.4,7002.39,HAM01,30 Days,4,-701.0099999999993,0
100253,V006,M104,2025-01-23,2025-01-29,2025-01-27,318,18.26,5806.68,5955.33,BER01,30 Days,-2,148.64999999999964,1
100254,V016,M110,2025-02-09,2025-02-28,2025-03-12,203,76.25,15478.75,15409.1,MUC01,30 Days,12,-69.64999999999964,0
100255,V012,M118,2025-03-21,2025-04-03,2025-04-12,317,19.03,6032.51,5788.19,CGN01,30 Days,9,-244.32000000000062,0
100256,V020,M107,2025-01-18,2025-01-30,2025-01-28,166,103.02,17101.32,17188.54,CGN01,45 Days,-2,87.22000000000116,1
100257,V008,M123,2025-03-23,2025-04-08,2025-04-09,180,91.74,16513.2,16128.44,BER01,30 Days,1,-384.7600000000002,0
100258,V019,M101,2025-01-13,2025-01-24,2025-01-31,308,99.28,30578.24,29933.04,BER01,30 Days,7,-645.2000000000007,0
100259,V001,M105,2025-01-22,2025-01-29,2025-02-05,289,65.5,18929.5,19389.49,BER01,45 Days,7,459.9900000000016,0
100260,V011,M102,2025-03-12,2025-03-28,2025-04-09,294,119.62,35168.28,33286.78,BER01,45 Days,12,-1881.5,0
100261,V016,M112,2025-04-06,2025-04-13,2025-04-15,198,10.08,1995.84,2079.47,HAM01,30 Days,2,83.62999999999988,0
100262,V011,M131,2025-01-21,2025-02-03,2025-02-17,210,51.15,10741.5,10141.05,MUC01,30 Days,14,-600.4500000000007,0
100263,V019,M108,2025-02-05,2025-02-25,2025-03-02,14,42.25,591.5,575.83,HAM01,45 Days,5,-15.669999999999959,0
100264,V007,M140,2025-04-22,2025-05-11,2025-05-23,304,114.09,34683.36,37350.51,MUC01,30 Days,12,2667.1500000000015,0
100265,V001,M111,2025-04-29,2025-05-09,2025-05-10,292,71.34,20831.28,21770.77,BER01,45 Days,1,939.4900000000016,0
100266,V016,M102,2025-03-11,2025-03-28,2025-03-25,468,97.71,45728.28,45906.62,HAM01,60 Days,-3,178.34000000000378,1
100267,V002,M114,2025-02-23,2025-03-09,2025-03-07,257,24.59,6319.63,6082.01,HAM01,45 Days,-2,-237.6199999999999,1
100268,V016,M130,2025-02-11,2025-02-23,2025-02-27,239,117.54,28092.06,27496.51,CGN01,30 Days,4,-595.5500000000029,0
100269,V015,M105,2025-03-15,2025-03-22,2025-04-06,43,62.34,2680.62,2688.39,MUC01,60 Days,15,7.769999999999982,0
100270,V017,M103,2025-03-12,2025-03-23,2025-03-20,106,61.77,6547.62,6557.44,HAM01,30 Days,-3,9.819999999999709,1
100271,V010,M134,2025-02-05,2025-02-20,2025-02-24,175,116.65,20413.75,20340.26,BER01,30 Days,4,-73.4900000000016,0
100272,V018,M124,2025-01-03,2025-01-23,2025-01-22,194,48.78,9463.32,9451.96,BER01,30 Days,-1,-11.360000000000582,1
100273,V004,M114,2025-01-19,2025-01-24,2025-02-07,187,50.72,9484.64,9403.07,CGN01,60 Days,14,-81.56999999999971,0
100274,V009,M131,2025-04-26,2025-05-12,2025-05-21,203,72.25,14666.75,13820.48,CGN01,60 Days,9,-846.2700000000004,0
100275,V003,M134,2025-02-20,2025-03-10,2025-03-21,386,19.73,7615.78,7458.13,CGN01,45 Days,11,-157.64999999999964,0
100276,V016,M115,2025-02-27,2025-03-19,2025-03-29,74,41.92,3102.08,3215.62,BER01,45 Days,10,113.53999999999996,0
100277,V015,M123,2025-02-26,2025-03-09,2025-03-18,172,27.22,4681.84,4425.74,MUC01,45 Days,9,-256.10000000000036,0
100278,V017,M101,2025-04-04,2025-04-10,2025-04-21,89,16.88,1502.32,1490.9,CGN01,45 Days,11,-11.419999999999845,0
100279,V016,M113,2025-01-08,2025-01-17,2025-01-14,160,104.61,16737.6,16188.61,MUC01,45 Days,-3,-548.989999999998,1
100280,V007,M124,2025-01-10,2025-01-28,2025-02-10,345,72.77,25105.65,25218.63,MUC01,60 Days,13,112.97999999999956,0
100281,V002,M108,2025-02-03,2025-02-22,2025-03-05,32,46.25,1480.0,1457.06,CGN01,60 Days,11,-22.940000000000055,0
100282,V019,M140,2025-02-28,2025-03-15,2025-03-26,176,52.0,9152.0,9692.88,CGN01,30 Days,11,540.8799999999992,0
100283,V010,M139,2025-03-22,2025-03-28,2025-04-01,21,54.62,1147.02,1170.3,MUC01,45 Days,4,23.279999999999973,0
100284,V002,M111,2025-02-28,2025-03-06,2025-03-18,477,77.81,37115.37,35166.81,BER01,60 Days,12,-1948.560000000005,0
100285,V019,M116,2025-02-22,2025-03-06,2025-03-10,366,111.58,40838.28,41932.75,CGN01,45 Days,4,1094.4700000000012,0
100286,V020,M108,2025-04-23,2025-05-07,2025-05-04,129,112.27,14482.83,14033.86,CGN01,30 Days,-3,-448.96999999999935,1
100287,V009,M121,2025-01-20,2025-01-25,2025-02-08,107,50.02,5352.14,5228.51,HAM01,60 Days,14,-123.63000000000011,0
100288,V016,M105,2025-03-10,2025-03-25,2025-03-26,58,42.87,2486.46,2517.79,BER01,45 Days,1,31.329999999999927,0
100289,V001,M116,2025-03-07,2025-03-20,2025-03-18,241,56.87,13705.67,13435.67,HAM01,45 Days,-2,-270.0,1
100290,V002,M123,2025-02-26,2025-03-03,2025-03-11,379,70.31,26647.49,27598.81,CGN01,45 Days,8,951.3199999999997,0
100291,V006,M125,2025-04-07,2025-04-13,2025-04-14,296,58.11,17200.56,16667.34,HAM01,30 Days,1,-533.2200000000012,0
100292,V014,M124,2025-02-02,2025-02-14,2025-02-27,441,80.76,35615.16,34731.9,CGN01,45 Days,13,-883.260000000002,0
100293,V003,M109,2025-04-25,2025-05-11,2025-05-16,178,68.76,12239.28,11917.39,HAM01,45 Days,5,-321.89000000000124,0
100294,V001,M132,2025-02-09,2025-02-27,2025-02-24,146,41.88,6114.48,5976.29,MUC01,60 Days,-3,-138.1899999999996,1
100295,V014,M128,2025-03-07,2025-03-18,2025-04-02,244,44.76,10921.44,11401.98,HAM01,30 Days,15,480.53999999999905,0
100296,V016,M131,2025-03-04,2025-03-13,2025-03-19,109,48.54,5290.86,5424.19,CGN01,30 Days,6,133.32999999999993,0
100297,V015,M119,2025-04-12,2025-05-02,2025-05-03,488,15.88,7749.44,8279.5,MUC01,45 Days,1,530.0600000000004,0
100298,V016,M136,2025-02-22,2025-03-06,2025-03-15,101,24.1,2434.1,2654.87,BER01,60 Days,9,220.76999999999998,0
100299,V017,M116,2025-02-04,2025-02-14,2025-02-21,244,88.16,21511.04,20624.79,HAM01,45 Days,7,-886.25,0
100300,V013,M133,2025-01-03,2025-01-15,2025-01-12,265,49.75,13183.75,13220.66,MUC01,45 Days,-3,36.909999999999854,1
100301,V011,M109,2025-02-13,2025-02-18,2025-03-01,37,29.67,1097.79,1046.19,CGN01,60 Days,11,-51.59999999999991,0
100302,V018,M110,2025-04-10,2025-04-19,2025-04-23,239,69.71,16660.69,16142.54,CGN01,45 Days,4,-518.1499999999978,0
100303,V007,M122,2025-01-02,2025-01-15,2025-01-25,232,91.89,21318.48,20781.25,HAM01,30 Days,10,-537.2299999999996,0
100304,V002,M123,2025-04-18,2025-05-07,2025-05-21,137,34.6,4740.2,4539.69,MUC01,60 Days,14,-200.51000000000022,0
100305,V016,M130,2025-03-07,2025-03-23,2025-03-31,72,100.08,7205.76,6902.4,MUC01,45 Days,8,-303.3600000000006,0
100306,V006,M112,2025-01-17,2025-02-03,2025-02-12,32,111.66,3573.12,3552.4,BER01,30 Days,9,-20.7199999999998,0
100307,V020,M135,2025-02-06,2025-02-19,2025-02-20,14,73.7,1031.8,981.55,BER01,45 Days,1,-50.25,0
100308,V009,M114,2025-03-08,2025-03-14,2025-03-15,245,81.93,20072.85,20749.31,HAM01,60 Days,1,676.4600000000028,0
100309,V018,M122,2025-02-07,2025-02-18,2025-02-22,54,11.05,596.7,574.8,CGN01,45 Days,4,-21.90000000000009,0
100310,V001,M138,2025-01-14,2025-02-03,2025-02-16,480,113.73,54590.4,60726.36,HAM01,45 Days,13,6135.959999999999,0
100311,V014,M122,2025-03-21,2025-03-26,2025-04-01,129,50.14,6468.06,6350.99,MUC01,45 Days,6,-117.07000000000062,0
100312,V009,M128,2025-03-22,2025-04-10,2025-04-13,329,111.25,36601.25,36707.39,CGN01,60 Days,3,106.13999999999942,0
100313,V010,M137,2025-01-15,2025-01-30,2025-02-10,340,71.58,24337.2,23076.53,BER01,60 Days,11,-1260.670000000002,0
100314,V006,M139,2025-02-03,2025-02-12,2025-02-25,252,5.53,1393.56,1488.6,MUC01,30 Days,13,95.03999999999996,0
100315,V020,M120,2025-01-30,2025-02-16,2025-03-02,442,9.43,4168.06,4354.79,CGN01,45 Days,14,186.72999999999956,0
100316,V008,M117,2025-03-21,2025-04-08,2025-04-10,64,83.25,5328.0,5391.4,MUC01,45 Days,2,63.399999999999636,0
100317,V018,M108,2025-03-29,2025-04-03,2025-04-13,124,69.71,8644.04,8178.13,BER01,30 Days,10,-465.91000000000076,0
100318,V009,M122,2025-03-29,2025-04-04,2025-04-12,133,8.05,1070.65,1079.64,HAM01,60 Days,8,8.990000000000009,0
100319,V001,M137,2025-04-23,2025-05-08,2025-05-13,76,90.5,6878.0,6569.18,HAM01,30 Days,5,-308.8199999999997,0
100320,V018,M120,2025-04-03,2025-04-23,2025-04-27,154,103.0,15862.0,16789.93,MUC01,45 Days,4,927.9300000000003,0
100321,V004,M114,2025-02-08,2025-02-13,2025-02-12,163,62.09,10120.67,10448.58,BER01,30 Days,-1,327.90999999999985,1
100322,V006,M105,2025-01-13,2025-01-28,2025-01-30,384,58.56,22487.04,22572.49,CGN01,30 Days,2,85.45000000000073,0
100323,V018,M116,2025-03-15,2025-03-22,2025-03-29,157,5.63,883.91,797.73,MUC01,60 Days,7,-86.17999999999995,0
100324,V018,M110,2025-04-20,2025-05-05,2025-05-18,439,95.46,41906.94,40260.0,CGN01,30 Days,13,-1646.9400000000023,0
100325,V019,M140,2025-04-28,2025-05-12,2025-05-25,388,43.03,16695.64,17154.77,BER01,30 Days,13,459.130000000001,0
100326,V009,M122,2025-01-28,2025-02-03,2025-02-03,451,106.06,47833.06,50152.96,HAM01,60 Days,0,2319.9000000000015,1
100327,V016,M106,2025-01-29,2025-02-13,2025-02-22,61,47.9,2921.9,3051.63,BER01,60 Days,9,129.73000000000002,0
100328,V007,M103,2025-01-05,2025-01-24,2025-01-22,492,69.98,34430.16,32236.96,BER01,30 Days,-2,-2193.2000000000044,1
100329,V015,M135,2025-01-17,2025-02-04,2025-02-13,310,36.09,11187.9,11323.27,MUC01,30 Days,9,135.3700000000008,0
100330,V011,M138,2025-03-08,2025-03-13,2025-03-16,491,23.47,11523.77,11991.64,MUC01,60 Days,3,467.869999999999,0
100331,V002,M131,2025-03-07,2025-03-15,2025-03-20,183,94.11,17222.13,16080.3,MUC01,60 Days,5,-1141.8300000000017,0
100332,V009,M105,2025-02-14,2025-02-22,2025-03-04,476,62.11,29564.36,29555.49,BER01,60 Days,10,-8.869999999998981,0
100333,V010,M104,2025-02-07,2025-02-19,2025-02-24,298,66.7,19876.6,20095.24,BER01,45 Days,5,218.64000000000306,0
100334,V006,M108,2025-04-10,2025-04-17,2025-04-29,45,116.02,5220.9,5158.25,MUC01,30 Days,12,-62.649999999999636,0
100335,V008,M131,2025-02-25,2025-03-15,2025-03-22,210,115.81,24320.1,22517.98,MUC01,60 Days,7,-1802.119999999999,0
100336,V011,M131,2025-04-07,2025-04-24,2025-05-09,77,103.4,7961.8,7858.3,MUC01,30 Days,15,-103.5,0
100337,V001,M134,2025-04-26,2025-05-13,2025-05-22,471,26.58,12519.18,12355.18,MUC01,30 Days,9,-164.0,0
100338,V004,M104,2025-02-08,2025-02-16,2025-02-18,159,73.34,11661.06,11592.26,MUC01,60 Days,2,-68.79999999999927,0
100339,V016,M107,2025-01-25,2025-01-30,2025-02-10,118,105.99,12506.82,12225.42,MUC01,45 Days,11,-281.39999999999964,0
100340,V008,M137,2025-04-25,2025-05-14,2025-05-18,280,48.06,13456.8,13218.61,BER01,30 Days,4,-238.1899999999987,0
100341,V013,M138,2025-03-18,2025-03-27,2025-04-03,218,16.63,3625.34,3619.54,HAM01,30 Days,7,-5.800000000000182,0
100342,V012,M130,2025-02-04,2025-02-19,2025-02-18,57,98.26,5600.82,5699.95,BER01,45 Days,-1,99.13000000000011,1
100343,V012,M105,2025-03-16,2025-04-04,2025-04-03,410,60.4,24764.0,24461.88,HAM01,30 Days,-1,-302.119999999999,1
100344,V009,M103,2025-03-03,2025-03-08,2025-03-15,424,69.91,29641.84,29155.71,MUC01,60 Days,7,-486.130000000001,0
100345,V010,M103,2025-04-19,2025-04-24,2025-04-24,374,117.95,44113.3,44276.52,CGN01,45 Days,0,163.2199999999939,1
100346,V017,M128,2025-01-31,2025-02-05,2025-02-20,312,74.83,23346.96,21553.91,CGN01,45 Days,15,-1793.0499999999993,0
100347,V020,M134,2025-04-29,2025-05-06,2025-05-19,207,53.87,11151.09,11364.08,BER01,45 Days,13,212.98999999999978,0
100348,V006,M126,2025-04-23,2025-04-28,2025-05-08,275,47.55,13076.25,13076.25,BER01,45 Days,10,0.0,0
100349,V014,M111,2025-01-22,2025-02-09,2025-02-19,265,53.03,14052.95,14075.43,HAM01,45 Days,10,22.479999999999563,0
100350,V020,M131,2025-01-20,2025-02-03,2025-02-11,91,18.62,1694.42,1759.49,MUC01,60 Days,8,65.06999999999994,0
100351,V001,M103,2025-03-05,2025-03-25,2025-03-23,50,96.4,4820.0,4443.56,BER01,45 Days,-2,-376.4399999999996,1
100352,V016,M134,2025-01-06,2025-01-23,2025-01-27,134,101.34,13579.56,12506.77,CGN01,45 Days,4,-1072.789999999999,0
100353,V010,M136,2025-02-05,2025-02-25,2025-03-03,232,37.71,8748.72,8844.96,BER01,45 Days,6,96.23999999999978,0
100354,V020,M129,2025-02-22,2025-03-02,2025-03-16,88,39.94,3514.72,3513.67,CGN01,30 Days,14,-1.0499999999997272,0
100355,V012,M136,2025-04-27,2025-05-06,2025-05-07,62,105.55,6544.1,6588.6,MUC01,60 Days,1,44.5,0
100356,V017,M124,2025-04-30,2025-05-18,2025-05-24,427,7.76,3313.52,3252.22,HAM01,45 Days,6,-61.30000000000018,0
100357,V004,M119,2025-01-19,2025-01-27,2025-01-30,193,64.85,12516.05,12848.98,HAM01,60 Days,3,332.9300000000003,0
100358,V003,M113,2025-04-18,2025-04-23,2025-04-22,296,58.32,17262.72,17906.62,BER01,60 Days,-1,643.8999999999978,1
100359,V019,M137,2025-01-11,2025-01-26,2025-01-24,266,84.36,22439.76,22875.09,BER01,60 Days,-2,435.33000000000175,1
100360,V011,M128,2025-03-31,2025-04-17,2025-04-20,370,23.79,8802.3,8710.76,MUC01,60 Days,3,-91.53999999999905,0
100361,V012,M108,2025-04-12,2025-05-02,2025-04-30,372,81.86,30451.92,27884.82,CGN01,60 Days,-2,-2567.0999999999985,1
100362,V004,M139,2025-04-17,2025-05-06,2025-05-04,155,48.32,7489.6,7720.28,BER01,45 Days,-2,230.67999999999938,1
100363,V005,M103,2025-01-27,2025-02-02,2025-02-05,425,76.15,32363.75,33946.34,MUC01,60 Days,3,1582.5899999999965,0
100364,V017,M124,2025-04-18,2025-05-05,2025-05-05,191,9.61,1835.51,1882.87,HAM01,30 Days,0,47.3599999999999,1
100365,V007,M108,2025-01-14,2025-02-01,2025-02-08,419,58.1,24343.9,23486.99,BER01,60 Days,7,-856.9099999999999,0
100366,V012,M127,2025-03-04,2025-03-20,2025-03-17,208,65.06,13532.48,13897.86,BER01,30 Days,-3,365.380000000001,1
100367,V007,M117,2025-02-26,2025-03-16,2025-03-18,64,29.65,1897.6,1962.88,HAM01,60 Days,2,65.2800000000002,0
100368,V006,M118,2025-02-07,2025-02-25,2025-03-02,382,21.06,8044.92,8546.92,MUC01,30 Days,5,502.0,0
100369,V004,M127,2025-01-03,2025-01-15,2025-01-30,24,26.67,640.08,617.68,MUC01,45 Days,15,-22.40000000000009,0
100370,V019,M131,2025-04-03,2025-04-08,2025-04-17,388,44.58,17297.04,17139.64,BER01,30 Days,9,-157.40000000000146,0
100371,V019,M116,2025-02-10,2025-02-22,2025-03-07,31,16.13,500.03,514.98,HAM01,30 Days,13,14.950000000000045,0
100372,V003,M140,2025-03-21,2025-03-29,2025-04-01,111,113.94,12647.34,12676.43,CGN01,60 Days,3,29.090000000000146,0
100373,V008,M120,2025-02-19,2025-02-25,2025-03-02,305,51.57,15728.85,15025.77,MUC01,60 Days,5,-703.0799999999999,0
100374,V012,M107,2025-02-14,2025-02-20,2025-02-24,471,98.03,46172.13,46938.59,MUC01,30 Days,4,766.4599999999991,0
100375,V008,M101,2025-04-17,2025-05-03,2025-05-16,210,117.06,24582.6,25150.46,HAM01,30 Days,13,567.8600000000006,0
100376,V015,M109,2025-01-12,2025-01-25,2025-02-09,69,14.28,985.32,988.77,CGN01,60 Days,15,3.449999999999932,0
100377,V006,M128,2025-03-30,2025-04-12,2025-04-27,124,79.94,9912.56,9999.79,HAM01,60 Days,15,87.23000000000138,0
100378,V002,M122,2025-03-31,2025-04-16,2025-04-27,449,105.21,47239.29,46752.73,CGN01,30 Days,11,-486.5599999999977,0
100379,V007,M114,2025-02-15,2025-02-28,2025-03-06,366,77.94,28526.04,30211.93,MUC01,45 Days,6,1685.8899999999994,0
100380,V012,M120,2025-02-01,2025-02-16,2025-02-23,59,54.34,3206.06,3090.64,CGN01,30 Days,7,-115.42000000000007,0
100381,V004,M134,2025-01-01,2025-01-07,2025-01-22,198,54.57,10804.86,10550.95,HAM01,60 Days,15,-253.90999999999985,0
100382,V017,M123,2025-04-23,2025-05-11,2025-05-13,139,9.13,1269.07,1269.58,HAM01,45 Days,2,0.5099999999999909,0
100383,V001,M103,2025-04-24,2025-05-06,2025-05-09,97,66.48,6448.56,6675.55,CGN01,30 Days,3,226.98999999999978,0
100384,V002,M102,2025-01-29,2025-02-05,2025-02-19,424,119.26,50566.24,47537.32,CGN01,30 Days,14,-3028.9199999999983,0
100385,V011,M120,2025-01-04,2025-01-22,2025-01-26,312,115.25,35958.0,34073.8,BER01,45 Days,4,-1884.199999999997,0
100386,V011,M117,2025-01-15,2025-01-31,2025-02-01,97,9.65,936.05,859.76,HAM01,60 Days,1,-76.28999999999996,0
100387,V006,M135,2025-01-09,2025-01-14,2025-01-21,328,86.17,28263.76,28300.5,CGN01,30 Days,7,36.7400000000016,0
100388,V006,M124,2025-04-10,2025-04-18,2025-04-21,212,39.7,8416.4,8040.19,MUC01,60 Days,3,-376.21000000000004,0
100389,V002,M131,2025-04-18,2025-04-23,2025-05-06,40,108.84,4353.6,4286.55,CGN01,45 Days,13,-67.05000000000018,0
100390,V014,M124,2025-01-19,2025-01-28,2025-02-11,230,10.19,2343.7,2405.81,CGN01,60 Days,14,62.11000000000013,0
100391,V008,M114,2025-03-31,2025-04-06,2025-04-08,100,112.63,11263.0,10973.54,CGN01,60 Days,2,-289.4599999999991,0
100392,V003,M127,2025-01-22,2025-02-07,2025-02-14,130,101.31,13170.3,13292.78,BER01,30 Days,7,122.48000000000138,0
100393,V008,M125,2025-02-14,2025-02-27,2025-03-14,440,18.51,8144.4,8046.67,BER01,30 Days,15,-97.72999999999956,0
100394,V019,M129,2025-03-13,2025-04-02,2025-04-13,358,11.88,4253.04,4367.45,BER01,60 Days,11,114.40999999999985,0
100395,V006,M108,2025-03-28,2025-04-13,2025-04-14,75,100.99,7574.25,7718.16,HAM01,30 Days,1,143.90999999999985,0
100396,V018,M126,2025-04-15,2025-04-29,2025-05-07,427,22.91,9782.57,9511.59,MUC01,30 Days,8,-270.97999999999956,0
100397,V006,M112,2025-01-06,2025-01-19,2025-01-27,291,66.51,19354.41,19224.74,BER01,45 Days,8,-129.66999999999825,0
100398,V004,M132,2025-01-24,2025-01-29,2025-02-07,438,110.31,48315.78,50330.55,CGN01,60 Days,9,2014.770000000004,0
100399,V006,M132,2025-02-03,2025-02-09,2025-02-06,376,70.26,26417.76,26832.52,BER01,60 Days,-3,414.76000000000204,1
100400,V007,M125,2025-02-07,2025-02-21,2025-02-23,176,50.68,8919.68,8421.07,BER01,45 Days,2,-498.6100000000006,0
100401,V003,M138,2025-04-30,2025-05-05,2025-05-18,272,56.18,15280.96,15681.32,HAM01,30 Days,13,400.3600000000006,0
100402,V012,M122,2025-04-04,2025-04-09,2025-04-10,270,12.26,3310.2,3166.54,MUC01,45 Days,1,-143.65999999999985,0
100403,V007,M102,2025-02-08,2025-02-16,2025-02-18,362,116.41,42140.42,44521.35,BER01,60 Days,2,2380.9300000000003,0
100404,V015,M125,2025-04-27,2025-05-16,2025-05-19,131,40.73,5335.63,5554.39,CGN01,30 Days,3,218.76000000000022,0
100405,V010,M132,2025-03-01,2025-03-13,2025-03-13,173,26.78,4632.94,4686.68,MUC01,45 Days,0,53.74000000000069,1
100406,V009,M105,2025-03-02,2025-03-18,2025-03-17,129,37.9,4889.1,4919.9,HAM01,30 Days,-1,30.799999999999272,1
100407,V010,M105,2025-02-22,2025-03-05,2025-03-08,155,115.9,17964.5,17813.6,MUC01,30 Days,3,-150.90000000000146,0
100408,V004,M111,2025-01-18,2025-01-25,2025-02-07,89,15.84,1409.76,1447.96,HAM01,30 Days,13,38.200000000000045,0
100409,V015,M134,2025-04-23,2025-05-03,2025-04-30,27,104.74,2827.98,2786.13,BER01,60 Days,-3,-41.84999999999991,1
100410,V003,M122,2025-01-02,2025-01-08,2025-01-10,470,86.4,40608.0,40989.72,BER01,60 Days,2,381.72000000000116,0
100411,V015,M140,2025-01-21,2025-02-07,2025-02-05,46,100.45,4620.7,4781.96,CGN01,30 Days,-2,161.26000000000022,1
100412,V020,M135,2025-01-28,2025-02-04,2025-02-11,445,117.23,52167.35,50993.58,CGN01,60 Days,7,-1173.7699999999968,0
100413,V016,M123,2025-02-03,2025-02-14,2025-02-15,11,101.85,1120.35,1092.79,HAM01,45 Days,1,-27.559999999999945,0
100414,V010,M128,2025-01-16,2025-02-05,2025-02-17,390,113.49,44261.1,42145.42,HAM01,60 Days,12,-2115.6800000000003,0
100415,V007,M114,2025-01-03,2025-01-17,2025-01-25,170,19.6,3332.0,3190.06,MUC01,60 Days,8,-141.94000000000005,0
100416,V018,M104,2025-03-23,2025-04-04,2025-04-15,263,96.52,25384.76,23529.13,HAM01,30 Days,11,-1855.6299999999974,0
100417,V006,M116,2025-04-27,2025-05-10,2025-05-19,148,67.75,10027.0,10319.79,CGN01,60 Days,9,292.7900000000009,0
100418,V010,M124,2025-01-15,2025-02-01,2025-02-06,250,67.5,16875.0,18096.75,HAM01,45 Days,5,1221.75,0
100419,V016,M108,2025-02-05,2025-02-14,2025-02-27,231,108.38,25035.78,26462.82,HAM01,30 Days,13,1427.0400000000009,0
100420,V019,M109,2025-03-02,2025-03-17,2025-03-23,269,116.76,31408.44,29366.89,CGN01,30 Days,6,-2041.5499999999993,0
100421,V019,M101,2025-04-22,2025-05-10,2025-05-25,202,86.06,17384.12,17888.26,CGN01,60 Days,15,504.1399999999994,0
100422,V002,M130,2025-03-25,2025-04-08,2025-04-23,272,60.54,16466.88,17403.85,HAM01,45 Days,15,936.9699999999975,0
100423,V018,M136,2025-04-02,2025-04-14,2025-04-22,414,57.49,23800.86,23365.3,MUC01,45 Days,8,-435.5600000000013,0
100424,V003,M134,2025-03-11,2025-03-18,2025-03-27,222,49.43,10973.46,11018.45,BER01,30 Days,9,44.9900000000016,0
100425,V012,M116,2025-02-20,2025-02-28,2025-03-01,187,46.58,8710.46,8011.01,BER01,60 Days,1,-699.4499999999989,0
100426,V019,M124,2025-01-24,2025-02-13,2025-02-25,74,50.02,3701.48,3741.09,CGN01,30 Days,12,39.61000000000013,0
100427,V014,M139,2025-04-14,2025-04-27,2025-05-06,186,15.32,2849.52,2728.42,MUC01,30 Days,9,-121.09999999999991,0
100428,V019,M124,2025-04-07,2025-04-16,2025-04-30,71,13.91,987.61,995.51,HAM01,45 Days,14,7.899999999999977,0
100429,V007,M112,2025-01-04,2025-01-15,2025-01-17,99,94.69,9374.31,8789.35,MUC01,60 Days,2,-584.9599999999991,0
100430,V007,M114,2025-03-27,2025-04-10,2025-04-21,476,56.3,26798.8,27380.33,BER01,30 Days,11,581.5300000000025,0
100431,V007,M130,2025-01-11,2025-01-24,2025-01-29,53,112.03,5937.59,6181.03,BER01,30 Days,5,243.4399999999996,0
100432,V008,M118,2025-03-30,2025-04-15,2025-04-15,246,75.41,18550.86,17970.22,BER01,45 Days,0,-580.6399999999994,1
100433,V014,M134,2025-04-10,2025-04-19,2025-04-19,418,9.05,3782.9,3610.78,CGN01,30 Days,0,-172.1199999999999,1
100434,V010,M135,2025-01-16,2025-01-31,2025-02-07,477,23.12,11028.24,10077.61,CGN01,45 Days,7,-950.6299999999992,0
100435,V015,M102,2025-02-22,2025-03-06,2025-03-09,81,28.67,2322.27,2297.42,MUC01,30 Days,3,-24.84999999999991,0
100436,V009,M129,2025-01-15,2025-02-04,2025-02-02,90,117.21,10548.9,10303.11,MUC01,30 Days,-2,-245.78999999999905,1
100437,V007,M115,2025-03-10,2025-03-17,2025-03-22,192,30.15,5788.8,5429.89,BER01,30 Days,5,-358.90999999999985,0
100438,V004,M121,2025-04-22,2025-04-29,2025-05-08,281,64.31,18071.11,18398.2,MUC01,60 Days,9,327.09000000000015,0
100439,V012,M111,2025-01-10,2025-01-22,2025-01-25,480,112.66,54076.8,53103.42,MUC01,60 Days,3,-973.3800000000047,0
100440,V018,M115,2025-02-17,2025-03-02,2025-03-17,111,117.38,13029.18,12468.93,HAM01,45 Days,15,-560.25,0
100441,V018,M114,2025-04-27,2025-05-13,2025-05-24,90,32.18,2896.2,2831.9,MUC01,45 Days,11,-64.29999999999973,0
100442,V006,M103,2025-02-06,2025-02-17,2025-02-23,134,10.65,1427.1,1488.32,BER01,60 Days,6,61.22000000000003,0
100443,V010,M132,2025-01-16,2025-02-04,2025-02-18,438,22.66,9925.08,10164.27,CGN01,30 Days,14,239.1900000000005,0
100444,V015,M106,2025-02-28,2025-03-12,2025-03-17,24,12.28,294.72,293.19,CGN01,45 Days,5,-1.5300000000000296,0
100445,V013,M116,2025-03-03,2025-03-10,2025-03-09,196,27.44,5378.24,5511.62,MUC01,60 Days,-1,133.3800000000001,1
100446,V002,M108,2025-03-21,2025-03-27,2025-03-24,68,70.39,4786.52,4564.43,HAM01,60 Days,-3,-222.09000000000015,1
100447,V012,M107,2025-02-07,2025-02-27,2025-03-13,86,109.93,9453.98,9466.27,HAM01,30 Days,14,12.290000000000873,0
100448,V001,M115,2025-04-25,2025-05-02,2025-05-17,459,66.78,30652.02,30832.87,MUC01,60 Days,15,180.84999999999854,0
100449,V003,M137,2025-03-04,2025-03-24,2025-04-04,10,76.99,769.9,755.43,BER01,45 Days,11,-14.470000000000027,0
100450,V014,M138,2025-02-04,2025-02-13,2025-02-11,167,28.21,4711.07,4793.04,CGN01,60 Days,-2,81.97000000000025,1
100451,V003,M116,2025-04-26,2025-05-02,2025-05-04,458,97.07,44458.06,43070.97,CGN01,30 Days,2,-1387.0899999999965,0
100452,V007,M121,2025-04-21,2025-04-30,2025-04-27,307,76.05,23347.35,23823.64,HAM01,45 Days,-3,476.2900000000009,1
100453,V012,M140,2025-03-01,2025-03-15,2025-03-12,45,104.38,4697.1,4800.91,BER01,60 Days,-3,103.80999999999949,1
100454,V014,M110,2025-01-03,2025-01-14,2025-01-15,237,114.12,27046.44,23890.12,MUC01,30 Days,1,-3156.3199999999997,0
100455,V009,M138,2025-03-13,2025-03-30,2025-04-06,485,45.01,21829.85,22868.95,HAM01,60 Days,7,1039.1000000000022,0
100456,V002,M105,2025-03-08,2025-03-22,2025-03-20,206,15.42,3176.52,2789.3,BER01,30 Days,-2,-387.2199999999998,1
100457,V016,M110,2025-01-18,2025-01-29,2025-02-13,269,30.98,8333.62,8128.61,HAM01,60 Days,15,-205.01000000000113,0
100458,V019,M114,2025-03-18,2025-04-02,2025-04-07,270,55.35,14944.5,15557.22,MUC01,45 Days,5,612.7199999999993,0
100459,V018,M102,2025-04-11,2025-05-01,2025-05-03,333,113.75,37878.75,37397.69,BER01,30 Days,2,-481.0599999999977,0
100460,V015,M133,2025-01-13,2025-01-24,2025-01-30,101,48.51,4899.51,4612.4,MUC01,30 Days,6,-287.1100000000006,0
100461,V009,M135,2025-03-28,2025-04-04,2025-04-16,421,93.64,39422.44,37699.68,BER01,60 Days,12,-1722.760000000002,0
100462,V018,M116,2025-01-17,2025-01-28,2025-01-30,494,67.15,33172.1,34535.47,MUC01,30 Days,2,1363.3700000000026,0
100463,V010,M134,2025-03-31,2025-04-18,2025-04-15,79,26.02,2055.58,1897.51,CGN01,45 Days,-3,-158.06999999999994,1
100464,V003,M131,2025-02-20,2025-02-28,2025-02-25,410,41.88,17170.8,17946.92,HAM01,30 Days,-3,776.119999999999,1
100465,V018,M133,2025-01-01,2025-01-21,2025-02-03,410,80.12,32849.2,32776.93,HAM01,60 Days,13,-72.2699999999968,0
100466,V007,M133,2025-04-26,2025-05-10,2025-05-09,373,82.38,30727.74,29262.03,BER01,45 Days,-1,-1465.7100000000028,1
100467,V019,M123,2025-01-20,2025-02-03,2025-02-12,191,55.0,10505.0,10260.23,MUC01,60 Days,9,-244.77000000000044,0
100468,V008,M105,2025-03-13,2025-03-23,2025-03-27,239,31.29,7478.31,7173.94,BER01,30 Days,4,-304.3700000000008,0
100469,V018,M137,2025-01-22,2025-02-10,2025-02-21,421,88.02,37056.42,38338.57,HAM01,30 Days,11,1282.1500000000015,0
100470,V011,M125,2025-04-22,2025-04-27,2025-04-25,84,24.42,2051.28,2111.38,BER01,45 Days,-2,60.09999999999991,1
100471,V010,M137,2025-03-30,2025-04-08,2025-04-22,416,112.72,46891.52,43665.38,CGN01,45 Days,14,-3226.1399999999994,0
100472,V006,M139,2025-04-07,2025-04-18,2025-04-28,461,26.61,12267.21,12069.71,HAM01,60 Days,10,-197.5,0
100473,V017,M108,2025-02-21,2025-03-05,2025-03-10,344,17.34,5964.96,5759.17,MUC01,60 Days,5,-205.78999999999996,0
100474,V002,M117,2025-02-26,2025-03-10,2025-03-10,177,62.23,11014.71,11584.17,CGN01,60 Days,0,569.460000000001,1
100475,V010,M108,2025-03-18,2025-03-25,2025-04-09,283,64.75,18324.25,17334.74,BER01,30 Days,15,-989.5099999999984,0
100476,V008,M103,2025-04-05,2025-04-13,2025-04-15,34,63.44,2156.96,2295.44,HAM01,30 Days,2,138.48000000000002,0
100477,V011,M139,2025-04-12,2025-04-18,2025-04-24,466,55.22,25732.52,25699.07,HAM01,60 Days,6,-33.45000000000073,0
100478,V006,M137,2025-01-03,2025-01-17,2025-01-21,177,119.4,21133.8,20151.08,CGN01,45 Days,4,-982.7199999999975,0
100479,V014,M138,2025-03-21,2025-03-31,2025-04-01,37,60.92,2254.04,2192.96,CGN01,60 Days,1,-61.07999999999993,0
100480,V008,M136,2025-01-14,2025-01-28,2025-02-01,399,59.96,23924.04,23156.08,MUC01,45 Days,4,-767.9599999999991,0
100481,V004,M126,2025-02-04,2025-02-18,2025-02-17,332,53.5,17762.0,16856.14,MUC01,30 Days,-1,-905.8600000000006,1
100482,V004,M121,2025-04-10,2025-04-26,2025-04-23,315,12.68,3994.2,4009.38,CGN01,45 Days,-3,15.180000000000291,1
100483,V014,M140,2025-01-31,2025-02-13,2025-02-15,36,73.19,2634.84,2505.47,HAM01,60 Days,2,-129.37000000000035,0
100484,V006,M123,2025-04-06,2025-04-21,2025-04-20,377,31.22,11769.94,10743.6,HAM01,45 Days,-1,-1026.3400000000001,1
100485,V007,M126,2025-02-25,2025-03-11,2025-03-15,322,78.33,25222.26,24838.88,CGN01,30 Days,4,-383.3799999999974,0
100486,V013,M109,2025-01-28,2025-02-12,2025-02-25,398,10.85,4318.3,4006.95,HAM01,30 Days,13,-311.35000000000036,0
100487,V007,M130,2025-02-10,2025-02-24,2025-02-24,415,117.86,48911.9,47439.65,CGN01,60 Days,0,-1472.25,1
100488,V008,M133,2025-03-05,2025-03-15,2025-03-12,113,58.94,6660.22,6417.79,MUC01,60 Days,-3,-242.4300000000003,1
100489,V005,M128,2025-04-02,2025-04-10,2025-04-09,113,108.13,12218.69,11793.48,CGN01,60 Days,-1,-425.21000000000095,1
100490,V007,M120,2025-03-14,2025-03-31,2025-04-06,462,59.69,27576.78,29782.92,HAM01,30 Days,6,2206.1399999999994,0
100491,V014,M108,2025-04-22,2025-05-02,2025-05-04,270,11.94,3223.8,3231.21,CGN01,45 Days,2,7.4099999999998545,0
100492,V011,M102,2025-04-15,2025-04-28,2025-05-04,224,99.55,22299.2,22517.73,HAM01,60 Days,6,218.52999999999884,0
100493,V020,M126,2025-04-01,2025-04-09,2025-04-06,150,79.54,11931.0,11082.71,HAM01,45 Days,-3,-848.2900000000009,1
100494,V016,M128,2025-03-14,2025-03-25,2025-03-28,323,94.9,30652.7,29849.6,BER01,45 Days,3,-803.1000000000022,0
100495,V001,M131,2025-02-04,2025-02-17,2025-02-21,379,54.24,20556.96,20733.75,BER01,45 Days,4,176.79000000000087,0
100496,V008,M139,2025-02-19,2025-03-06,2025-03-11,11,78.36,861.96,826.62,CGN01,30 Days,5,-35.34000000000003,0
100497,V006,M120,2025-01-15,2025-01-28,2025-02-04,280,103.47,28971.6,30023.27,HAM01,30 Days,7,1051.670000000002,0
100498,V012,M134,2025-02-14,2025-02-24,2025-03-07,496,77.57,38474.72,36624.09,HAM01,60 Days,11,-1850.6300000000047,0
100499,V006,M129,2025-04-22,2025-05-12,2025-05-17,147,44.98,6612.06,6536.02,BER01,30 Days,5,-76.03999999999996,0
100500,V020,M112,2025-02-21,2025-03-06,2025-03-18,147,81.19,11934.93,11655.65,CGN01,30 Days,12,-279.28000000000065,0
